-- phpMyAdmin SQL Dump
-- version 3.5.8.2
-- http://www.phpmyadmin.net
--
-- Host: localhost
-- Generation Time: Mar 10, 2015 at 10:29 PM
-- Server version: 5.5.41-37.0-log
-- PHP Version: 5.4.23

SET SQL_MODE="NO_AUTO_VALUE_ON_ZERO";
SET time_zone = "+00:00";


/*!40101 SET @OLD_CHARACTER_SET_CLIENT=@@CHARACTER_SET_CLIENT */;
/*!40101 SET @OLD_CHARACTER_SET_RESULTS=@@CHARACTER_SET_RESULTS */;
/*!40101 SET @OLD_COLLATION_CONNECTION=@@COLLATION_CONNECTION */;
/*!40101 SET NAMES utf8 */;

--
-- Database: `staticm1_stup`
--

-- --------------------------------------------------------

--
-- Table structure for table `tbl_clients`
--

DROP TABLE IF EXISTS `tbl_clients`;
CREATE TABLE IF NOT EXISTS `tbl_clients` (
  `client_id` int(20) NOT NULL AUTO_INCREMENT,
  `client_type` int(20) NOT NULL COMMENT '1=>Funding Agencies,2=>	 Government Bodies,3=>Contractors & Developers,4=>Corporations',
  `title` varchar(200) NOT NULL,
  `image` varchar(250) NOT NULL,
  `slug` varchar(200) DEFAULT NULL,
  `link` varchar(250) DEFAULT NULL,
  `created_date` datetime DEFAULT NULL,
  `updated_date` datetime DEFAULT NULL,
  `status` enum('0','1') NOT NULL DEFAULT '1',
  `url` varchar(200) DEFAULT NULL,
  `meta_description` longtext,
  `meta_keyword` varchar(200) DEFAULT NULL,
  PRIMARY KEY (`client_id`)
) ENGINE=MyISAM  DEFAULT CHARSET=latin1 AUTO_INCREMENT=56 ;

--
-- Dumping data for table `tbl_clients`
--

INSERT INTO `tbl_clients` (`client_id`, `client_type`, `title`, `image`, `slug`, `link`, `created_date`, `updated_date`, `status`, `url`, `meta_description`, `meta_keyword`) VALUES
(1, 1, 'Asian Development Bank (ADB)', '1420442840.jpg', 'asian-development-bank-(adb)', '', '2015-01-05 12:57:20', NULL, '1', '', '', ''),
(2, 1, 'African Development Bank (AfDB)', '1420442865.jpg', 'african-development-bank-(afdb)', '', '2015-01-05 12:57:45', NULL, '1', '', '', ''),
(3, 1, 'World Bank (WB)', '1420442874.jpg', 'world-bank-(wb)', '', '2015-01-05 12:57:54', NULL, '1', '', '', ''),
(4, 1, 'Japan Bank of International Cooperation (JBIC)', '1420442894.jpg', 'japan-bank-of-international-cooperation-(jbic)', '', '2015-01-05 12:58:14', NULL, '1', '', '', ''),
(5, 1, 'International Bank of Reconstruction and Development (IBRD)', '1420442908.jpg', 'international-bank-of-reconstruction-and-development-(ibrd)', '', '2015-01-05 12:58:28', NULL, '1', '', '', ''),
(6, 1, 'World Health Organization (WHO)', '1420442918.jpg', 'world-health-organization-(who)', '', '2015-01-05 12:58:38', NULL, '1', '', '', ''),
(7, 1, 'Department for International Development, Uk (DFID)', '1420442932.jpg', 'department-for-international-development-uk-(dfid)', '', '2015-01-05 12:58:52', NULL, '1', '', '', ''),
(8, 1, 'Kuwait Fund for Arab Economic Development (KFAED)', '1420442946.jpg', 'kuwait-fund-for-arab-economic-development-(kfaed)', '', '2015-01-05 12:59:06', NULL, '1', '', '', ''),
(9, 2, 'Govt. of United States', '1420442974.png', 'govt-of-united-states', '', '2015-01-05 12:59:34', NULL, '1', '', '', ''),
(10, 2, 'Govt. of Marshall Island', '1420442984.png', 'govt-of-marshall-island', '', '2015-01-05 12:59:44', NULL, '1', '', '', ''),
(11, 2, 'Sultanate of Oman', '1420442995.png', 'sultanate-of-oman', '', '2015-01-05 12:59:55', NULL, '1', '', '', ''),
(12, 2, 'Govt. of Laos PDR', '1420443005.png', 'govt-of-laos-pdr', '', '2015-01-05 13:00:05', NULL, '1', '', '', ''),
(13, 2, 'Govt. of Vietnam', '1420443021.png', 'govt-of-vietnam', '', '2015-01-05 13:00:21', NULL, '1', '', '', ''),
(14, 2, 'Govt. of Brunei', '1420443035.png', 'govt-of-brunei', '', '2015-01-05 13:00:35', NULL, '1', '', '', ''),
(15, 2, 'Govt. of Iraq', '1420443051.png', 'govt-of-iraq', '', '2015-01-05 13:00:51', NULL, '1', '', '', ''),
(16, 2, 'Govt. of U. A. E', '1420443062.png', 'govt-of-u-a-e', '', '2015-01-05 13:01:02', NULL, '1', '', '', ''),
(17, 2, 'Govt. of India', '1420443074.png', 'govt-of-india', '', '2015-01-05 13:01:14', NULL, '1', '', '', ''),
(18, 3, 'Afcons Infrastructure Limited', '1420443111.png', 'afcons-infrastructure-limited', '', '2015-01-05 13:01:51', NULL, '1', '', '', ''),
(19, 3, 'Innovative Technical Solutions Inc. (ITSI)', '1420443123.png', 'innovative-technical-solutions-inc-(itsi)', '', '2015-01-05 13:02:03', NULL, '1', '', '', ''),
(20, 3, 'Bechtel', '1420443134.png', 'bechtel', '', '2015-01-05 13:02:14', NULL, '1', '', '', ''),
(21, 3, 'Degremont', '1420443148.png', 'degremont', '', '2015-01-05 13:02:28', NULL, '1', '', '', ''),
(22, 3, 'Alsthom', '1420443159.png', 'alsthom', '', '2015-01-05 13:02:39', NULL, '1', '', '', ''),
(23, 3, 'Dumez', '1420443172.png', 'dumez', '', '2015-01-05 13:02:52', NULL, '1', '', '', ''),
(24, 3, 'Galfar', '1420443184.png', 'galfar', '', '2015-01-05 13:03:04', NULL, '1', '', '', ''),
(25, 4, 'Aeroport de Paris Ingenieurs', '1420443216.png', 'aeroport-de-paris-ingenieurs', '', '2015-01-05 13:03:36', NULL, '1', '', '', ''),
(26, 4, 'Cognizant Software', '1420443228.png', 'cognizant-software', '', '2015-01-05 13:03:48', NULL, '1', '', '', ''),
(27, 4, 'Safege', '1420443237.png', 'safege', '', '2015-01-05 13:03:57', NULL, '1', '', '', ''),
(28, 4, 'Marriot Hotels', '1420443248.png', 'marriot-hotels', '', '2015-01-05 13:04:08', NULL, '1', '', '', ''),
(29, 4, 'Reliance', '1420443261.png', 'reliance', '', '2015-01-05 13:04:21', NULL, '1', '', '', ''),
(30, 4, 'Kuwait Airways Corporation', '1420443275.png', 'kuwait-airways-corporation', '', '2015-01-05 13:04:35', NULL, '1', '', '', ''),
(31, 4, 'Hyatt Hotels & Resorts', '1420443288.png', 'hyatt-hotels-and-resorts', '', '2015-01-05 13:04:48', NULL, '1', '', '', ''),
(32, 4, 'Birla Brothers', '1420443301.png', 'birla-brothers', '', '2015-01-05 13:05:01', NULL, '1', '', '', ''),
(33, 4, 'Indian Oil Corporation', '1420443315.png', 'indian-oil-corporation', '', '2015-01-05 13:05:15', NULL, '1', '', '', ''),
(34, 1, 'United Nations Development', '1421848603.jpg', 'united-nations-development', '', '2015-01-21 19:26:43', NULL, '1', '', '', ''),
(35, 3, 'Govt. of Ghana', '1421848868.jpg', 'govt-of-ghana', '', '2015-01-21 19:31:08', NULL, '1', '', '', ''),
(36, 3, 'Ideal Road Builders', '1421849361.jpg', 'ideal-road-builders', '', '2015-01-21 19:39:21', NULL, '1', '', '', ''),
(37, 3, 'Gammon India Limited', '1421849384.jpg', 'gammon-india-limited', '', '2015-01-21 19:39:44', NULL, '1', '', '', ''),
(38, 3, 'Larsen & Toubro Limited', '1421849415.jpg', 'larsen-and-toubro-limited', '', '2015-01-21 19:40:15', NULL, '1', '', '', ''),
(39, 3, 'Consolidated Contractors Company', '1421849451.jpg', 'consolidated-contractors-company', '', '2015-01-21 19:40:51', NULL, '1', '', '', ''),
(40, 3, 'Six Construct', '1421849477.jpg', 'six-construct', '', '2015-01-21 19:41:17', NULL, '1', '', '', ''),
(41, 3, 'Emaar', '1421849501.jpg', 'emaar', '', '2015-01-21 19:41:41', NULL, '1', '', '', ''),
(42, 3, 'Hindustan Construction', '1421849551.jpg', 'hindustan-construction', '', '2015-01-21 19:42:31', NULL, '1', '', '', ''),
(43, 3, 'Essel Infrastructures', '1421849620.jpg', 'essel-infrastructures', '', '2015-01-21 19:43:40', NULL, '1', '', '', ''),
(44, 4, 'Sterlite', '1421849898.jpg', 'sterlite', '', '2015-01-21 19:48:18', NULL, '1', '', '', ''),
(45, 4, 'Oil and Natural Gas', '1421849920.jpg', 'oil-and-natural-gas', '', '2015-01-21 19:48:40', NULL, '1', '', '', ''),
(46, 4, 'NPCIL', '1421849952.jpg', 'npcil', '', '2015-01-21 19:49:12', NULL, '1', '', '', ''),
(47, 4, 'Ministry of Roads Transport', '1421849980.jpg', 'ministry-of-roads-transport', '', '2015-01-21 19:49:40', NULL, '1', '', '', ''),
(48, 4, 'National Highways Autority of India', '1421850002.jpg', 'national-highways-autority-of-india', '', '2015-01-21 19:50:02', NULL, '1', '', '', ''),
(49, 4, 'Central Public', '1421850021.jpg', 'central-public', '', '2015-01-21 19:50:21', NULL, '1', '', '', ''),
(50, 4, 'Ghaziabad Development Authority', '1421850048.jpg', 'ghaziabad-development-authority', '', '2015-01-21 19:50:48', NULL, '1', '', '', ''),
(51, 4, 'Thane', '1421850069.jpg', 'thane', '', '2015-01-21 19:51:09', NULL, '1', '', '', ''),
(52, 4, 'Municipal Corporation', '1421850098.jpg', 'municipal-corporation', '', '2015-01-21 19:51:38', NULL, '1', '', '', ''),
(53, 4, 'Mumbai Metropolitan', '1421850122.jpg', 'mumbai-metropolitan', '', '2015-01-21 19:52:02', NULL, '1', '', '', ''),
(54, 2, 'Govt. of Ghana', '1421907339.png', 'govt-of-ghana-35', '', '2015-01-22 11:45:39', NULL, '1', '', '', ''),
(55, 2, 'Govt. of Malaysia', '1421913605.png', 'govt-of-malaysia', '', '2015-01-22 13:30:05', NULL, '1', '', '', '');

-- --------------------------------------------------------

--
-- Table structure for table `tbl_config`
--

DROP TABLE IF EXISTS `tbl_config`;
CREATE TABLE IF NOT EXISTS `tbl_config` (
  `configID` int(11) NOT NULL AUTO_INCREMENT,
  `site_name` varchar(300) NOT NULL,
  `site_email` varchar(400) NOT NULL,
  `logo` varchar(500) NOT NULL,
  `created` datetime NOT NULL,
  `modified` datetime NOT NULL,
  PRIMARY KEY (`configID`)
) ENGINE=InnoDB  DEFAULT CHARSET=latin1 AUTO_INCREMENT=2 ;

--
-- Dumping data for table `tbl_config`
--

INSERT INTO `tbl_config` (`configID`, `site_name`, `site_email`, `logo`, `created`, `modified`) VALUES
(1, 'Stup', 'webmaster@example.com', 'images.jpg', '0000-00-00 00:00:00', '0000-00-00 00:00:00');

-- --------------------------------------------------------

--
-- Table structure for table `tbl_frontpage_slider_image`
--

DROP TABLE IF EXISTS `tbl_frontpage_slider_image`;
CREATE TABLE IF NOT EXISTS `tbl_frontpage_slider_image` (
  `frontpage_slider_image_id` int(20) NOT NULL AUTO_INCREMENT,
  `title` varchar(150) NOT NULL,
  `description` text,
  `link` varchar(250) DEFAULT NULL,
  `image` varchar(250) NOT NULL,
  `created_date` datetime DEFAULT NULL,
  `updated_date` datetime DEFAULT NULL,
  `slug` varchar(150) DEFAULT NULL,
  `status` enum('0','1') NOT NULL DEFAULT '1',
  `url` varchar(200) DEFAULT NULL,
  `meta_description` longtext,
  `meta_keyword` varchar(200) DEFAULT NULL,
  PRIMARY KEY (`frontpage_slider_image_id`)
) ENGINE=MyISAM  DEFAULT CHARSET=latin1 AUTO_INCREMENT=12 ;

--
-- Dumping data for table `tbl_frontpage_slider_image`
--

INSERT INTO `tbl_frontpage_slider_image` (`frontpage_slider_image_id`, `title`, `description`, `link`, `image`, `created_date`, `updated_date`, `slug`, `status`, `url`, `meta_description`, `meta_keyword`) VALUES
(11, 'Banner 05', 'Delhi Metro', NULL, '1421746570.jpg', '2015-01-20 15:06:10', NULL, 'banner-05', '1', '', '', ''),
(10, 'Banner 04', 'Chilla STP', NULL, '1421746489.jpg', '2015-01-20 15:04:49', NULL, 'banner-04', '1', '', '', ''),
(9, 'Banner 03', 'Indirasagar Dam', NULL, '1421746449.jpg', '2015-01-20 15:04:09', NULL, 'banner-03', '1', '', '', ''),
(8, 'Banner 02', 'Madras Atomic Power Plant', NULL, '1421746394.jpg', '2015-01-20 15:03:14', NULL, 'banner-02', '1', '', '', ''),
(7, 'Banner 01', '', NULL, '1421746337.jpg', '2015-01-20 15:02:17', NULL, 'banner-01', '1', '', '', '');

-- --------------------------------------------------------

--
-- Table structure for table `tbl_main_menu`
--

DROP TABLE IF EXISTS `tbl_main_menu`;
CREATE TABLE IF NOT EXISTS `tbl_main_menu` (
  `main_menuID` int(11) NOT NULL AUTO_INCREMENT,
  `menu_name` varchar(300) NOT NULL,
  `menu_description` text,
  `position` int(11) DEFAULT NULL,
  `created` datetime NOT NULL,
  `modified` datetime NOT NULL,
  PRIMARY KEY (`main_menuID`)
) ENGINE=InnoDB  DEFAULT CHARSET=latin1 AUTO_INCREMENT=2 ;

--
-- Dumping data for table `tbl_main_menu`
--

INSERT INTO `tbl_main_menu` (`main_menuID`, `menu_name`, `menu_description`, `position`, `created`, `modified`) VALUES
(1, 'BackEnd Header Menu', 'This is Header Part of system', 1, '2013-03-08 16:08:22', '2013-05-04 12:54:21');

-- --------------------------------------------------------

--
-- Table structure for table `tbl_menus`
--

DROP TABLE IF EXISTS `tbl_menus`;
CREATE TABLE IF NOT EXISTS `tbl_menus` (
  `menuID` int(11) NOT NULL AUTO_INCREMENT,
  `main_menuID` int(11) NOT NULL,
  `menu_name` varchar(300) NOT NULL,
  `menu_image` varchar(200) NOT NULL,
  `menu_description` text,
  `parentID` int(11) NOT NULL,
  `sortOrder` int(11) NOT NULL,
  `system_url` varchar(400) NOT NULL,
  `active` int(11) NOT NULL DEFAULT '1',
  `created` datetime NOT NULL,
  `modified` datetime NOT NULL,
  PRIMARY KEY (`menuID`)
) ENGINE=InnoDB  DEFAULT CHARSET=latin1 AUTO_INCREMENT=117 ;

--
-- Dumping data for table `tbl_menus`
--

INSERT INTO `tbl_menus` (`menuID`, `main_menuID`, `menu_name`, `menu_image`, `menu_description`, `parentID`, `sortOrder`, `system_url`, `active`, `created`, `modified`) VALUES
(5, 1, 'Users', '', 'profile main menu\r\n', 70, 1, '/profile/profile', 1, '2013-03-08 18:50:24', '2013-07-29 16:04:54'),
(6, 1, 'Add profile', '', 'Add user profile', 5, 1, '/admin/create', 1, '2013-03-08 18:51:14', '2013-07-29 16:06:23'),
(7, 1, 'View Profile', '', 'For listing', 5, 2, '/profile/profile', 1, '2013-03-11 12:59:42', '2013-08-02 11:04:51'),
(9, 1, 'Create Role', '', 'creating a role', 10, 1, '/role/create', 1, '2013-03-14 18:38:24', '2013-07-29 16:05:56'),
(10, 1, 'Role', '', 'managing roles', 70, 2, '/role/manageRole', 1, '2013-03-14 18:46:45', '2013-07-29 16:04:56'),
(11, 1, 'Manage Permissions', '', 'managing permissions', 10, 0, '/rolePermission/index', 1, '2013-03-14 18:47:41', '2015-01-04 22:19:30'),
(13, 1, 'Create Menu', '', 'for creating new menu', 12, 9, '/mainMenu/create', 1, '2013-03-14 18:50:22', '2013-03-15 12:51:54'),
(14, 1, 'Menu', '', 'Listing all menus ', 53, 0, '/mainMenu/admin', 1, '2013-03-14 18:51:07', '2014-12-18 16:13:43'),
(20, 1, 'Configuration', '', 'System configurations are managable by this link.', 70, 3, '/config/index', 1, '2013-03-15 16:16:18', '2013-07-29 16:04:59'),
(53, 1, 'Content', '', 'for managing contents and approvals', 0, 0, '/config/index', 1, '2013-05-03 16:18:11', '2014-11-27 12:25:16'),
(70, 1, 'System', '', 'user,role, permissions', 0, 1, '#', 1, '2013-05-16 11:14:13', '2014-11-27 12:25:17'),
(71, 1, 'Manage roles', '', 'roles list', 10, 2, '/role/manageRole', 1, '2013-05-16 11:33:55', '2013-08-02 11:27:20'),
(74, 1, 'DB backup', '', 'DB backup', 70, 4, '/site/dbbackup', 1, '2013-07-29 16:00:43', '2013-07-29 16:05:00'),
(95, 1, 'Masters', '', 'Master Data', 0, 2, '/frontpagesliderimage/admin', 1, '2014-12-18 16:16:46', '2015-01-05 03:56:23'),
(96, 1, 'Pages', '', 'Pages', 95, 0, '/pagemaster/admin', 0, '2014-12-18 16:19:20', '2014-12-27 00:21:43'),
(97, 1, 'Static Page Content', '', 'Static Page Content', 95, 1, '/staticpageblock/admin', 0, '2014-12-18 17:00:10', '2014-12-27 00:21:49'),
(98, 1, 'Home Page Slider Images', '', 'Home Page Slider Images', 95, 2, '/frontpagesliderimage/admin', 1, '2014-12-18 18:05:32', '2014-12-30 03:04:44'),
(99, 1, 'Projects', '', 'Projects', 95, 6, '/projects/admin', 1, '2014-12-19 13:12:05', '2015-01-04 22:17:04'),
(100, 1, 'Sectors', '', 'Sectors', 95, 3, '/sectors/admin', 1, '2014-12-19 15:50:28', '2015-01-04 22:16:51'),
(101, 1, 'Page Banner', '', 'Page Banner', 95, 8, '/pagebanner/admin', 0, '2014-12-19 17:34:34', '2015-01-04 22:17:22'),
(102, 1, 'Sector Banners', '', 'Sector Banners', 95, 4, '/sectorbanners/admin', 1, '2014-12-20 10:15:13', '2015-01-04 22:16:54'),
(103, 1, 'Services', '', 'Services', 95, 5, '/services/admin', 1, '2014-12-20 12:01:08', '2015-01-04 22:16:59'),
(104, 1, 'Registrations Memberships', '', 'Registrations Memberships', 95, 7, '/registrationsmemberships/admin', 1, '2014-12-20 15:48:16', '2015-01-04 22:17:18'),
(105, 1, 'JSON', '', 'Creating json files for master pages', 0, 3, '/json/pages', 0, '2014-12-20 17:38:24', '2015-01-04 22:16:00'),
(106, 1, 'Pages JSON', '', 'creating json files for page master', 105, 1, '/json/pages', 0, '2014-12-20 17:40:44', '2014-12-27 00:22:39'),
(107, 1, 'Services JSON', '', 'creating json file for services', 105, 3, '/json/services', 1, '2014-12-20 17:59:13', '2014-12-22 10:26:23'),
(108, 1, 'Sectors JSON', '', 'creating json file for all sectors', 105, 5, '/json/sectors', 1, '2014-12-20 18:14:45', '2014-12-28 22:35:06'),
(109, 1, 'Projects JSON', '', 'creating json file for all projects', 105, 6, '/json/projects', 1, '2014-12-20 18:25:18', '2014-12-22 10:26:27'),
(110, 1, 'Home Page Slider JSON', '', 'creating json file for home page slider images', 105, 0, '/json/homepageslider', 1, '2014-12-20 18:40:30', '2014-12-30 03:05:24'),
(111, 1, 'Sector Banners JSON', '', 'creating json file for sector banners', 105, 4, '/json/sectorbanners', 1, '2014-12-22 10:16:30', '2014-12-28 22:35:05'),
(112, 1, 'Page Banners JSON', '', 'creating json file for page banners', 105, 2, '/json/pagebanners', 0, '2014-12-22 10:26:09', '2014-12-27 00:22:50'),
(113, 1, 'Static Page Block JSON', '', 'creating json file for static page content', 105, 7, '/json/staticpageblock', 0, '2014-12-22 10:38:09', '2014-12-27 00:23:03'),
(114, 1, 'Registrations Memberships JSON', '', 'creating json file for memberships registrations', 105, 8, '/json/registrationsmemberships', 1, '2014-12-22 10:38:57', '2014-12-22 10:45:35'),
(115, 1, 'Clients', '', 'Clients', 95, 9, '/clients/admin', 1, '2015-01-04 22:17:57', '2015-01-04 22:18:03'),
(116, 1, 'Password Change', '', 'Change Password', 0, 4, '/profile/changepassword', 1, '2015-01-27 00:57:50', '2015-01-27 00:57:56');

-- --------------------------------------------------------

--
-- Table structure for table `tbl_page_banner`
--

DROP TABLE IF EXISTS `tbl_page_banner`;
CREATE TABLE IF NOT EXISTS `tbl_page_banner` (
  `page_banner_id` int(20) NOT NULL AUTO_INCREMENT,
  `page_name` varchar(150) NOT NULL,
  `title` varchar(200) NOT NULL,
  `link` varchar(250) DEFAULT NULL,
  `slug` varchar(200) DEFAULT NULL,
  `image` varchar(250) NOT NULL,
  `created_date` datetime DEFAULT NULL,
  `updated_date` datetime DEFAULT NULL,
  `status` enum('0','1') NOT NULL DEFAULT '1',
  `url` varchar(200) DEFAULT NULL,
  `meta_description` longtext,
  `meta_keyword` varchar(200) DEFAULT NULL,
  PRIMARY KEY (`page_banner_id`)
) ENGINE=MyISAM DEFAULT CHARSET=latin1 AUTO_INCREMENT=1 ;

-- --------------------------------------------------------

--
-- Table structure for table `tbl_page_master`
--

DROP TABLE IF EXISTS `tbl_page_master`;
CREATE TABLE IF NOT EXISTS `tbl_page_master` (
  `page_id` int(20) NOT NULL AUTO_INCREMENT,
  `page_name` varchar(100) NOT NULL,
  `url` varchar(200) DEFAULT NULL,
  `meta_description` longtext,
  `meta_keyword` varchar(200) DEFAULT NULL,
  `created_date` datetime DEFAULT NULL,
  `updated_date` datetime DEFAULT NULL,
  `status` enum('0','1') NOT NULL DEFAULT '1',
  `slug` varchar(200) DEFAULT NULL,
  PRIMARY KEY (`page_id`)
) ENGINE=MyISAM DEFAULT CHARSET=latin1 AUTO_INCREMENT=1 ;

-- --------------------------------------------------------

--
-- Table structure for table `tbl_passwordhistory`
--

DROP TABLE IF EXISTS `tbl_passwordhistory`;
CREATE TABLE IF NOT EXISTS `tbl_passwordhistory` (
  `pass_id` int(11) NOT NULL AUTO_INCREMENT,
  `user_id` int(11) NOT NULL,
  `password` varchar(500) NOT NULL,
  `created_at` datetime NOT NULL,
  PRIMARY KEY (`pass_id`)
) ENGINE=InnoDB  DEFAULT CHARSET=latin1 AUTO_INCREMENT=5 ;

--
-- Dumping data for table `tbl_passwordhistory`
--

INSERT INTO `tbl_passwordhistory` (`pass_id`, `user_id`, `password`, `created_at`) VALUES
(1, 7, '0c075d321e8abcce50f9256cd7b4ca62', '2014-12-18 08:26:36'),
(2, 1, '7488e331b8b64e5794da3fa4eb10ad5d', '2014-11-24 11:12:46'),
(3, 7, '04e705118da0d3e786e73ebdbf00cf0b', '2015-01-27 07:58:22'),
(4, 7, '0c075d321e8abcce50f9256cd7b4ca62', '2015-01-27 08:02:49');

-- --------------------------------------------------------

--
-- Table structure for table `tbl_profiles`
--

DROP TABLE IF EXISTS `tbl_profiles`;
CREATE TABLE IF NOT EXISTS `tbl_profiles` (
  `user_id` int(11) NOT NULL AUTO_INCREMENT,
  `lastname` varchar(50) NOT NULL DEFAULT '',
  `firstname` varchar(50) NOT NULL DEFAULT '',
  PRIMARY KEY (`user_id`)
) ENGINE=InnoDB  DEFAULT CHARSET=utf8 AUTO_INCREMENT=8 ;

--
-- Dumping data for table `tbl_profiles`
--

INSERT INTO `tbl_profiles` (`user_id`, `lastname`, `firstname`) VALUES
(1, 'Project Admin', 'Super Administrator'),
(7, 'System Admin', 'System Admin');

-- --------------------------------------------------------

--
-- Table structure for table `tbl_profiles_fields`
--

DROP TABLE IF EXISTS `tbl_profiles_fields`;
CREATE TABLE IF NOT EXISTS `tbl_profiles_fields` (
  `id` int(10) NOT NULL AUTO_INCREMENT,
  `varname` varchar(50) NOT NULL,
  `title` varchar(255) NOT NULL,
  `field_type` varchar(50) NOT NULL,
  `field_size` varchar(15) NOT NULL DEFAULT '0',
  `field_size_min` varchar(15) NOT NULL DEFAULT '0',
  `required` int(1) NOT NULL DEFAULT '0',
  `match` varchar(255) NOT NULL DEFAULT '',
  `range` varchar(255) NOT NULL DEFAULT '',
  `error_message` varchar(255) NOT NULL DEFAULT '',
  `other_validator` varchar(5000) NOT NULL DEFAULT '',
  `default` varchar(255) NOT NULL DEFAULT '',
  `widget` varchar(255) NOT NULL DEFAULT '',
  `widgetparams` varchar(5000) NOT NULL DEFAULT '',
  `position` int(3) NOT NULL DEFAULT '0',
  `visible` int(1) NOT NULL DEFAULT '0',
  PRIMARY KEY (`id`),
  KEY `varname` (`varname`,`widget`,`visible`)
) ENGINE=InnoDB  DEFAULT CHARSET=utf8 AUTO_INCREMENT=3 ;

--
-- Dumping data for table `tbl_profiles_fields`
--

INSERT INTO `tbl_profiles_fields` (`id`, `varname`, `title`, `field_type`, `field_size`, `field_size_min`, `required`, `match`, `range`, `error_message`, `other_validator`, `default`, `widget`, `widgetparams`, `position`, `visible`) VALUES
(1, 'lastname', 'Last Name', 'VARCHAR', '50', '3', 1, '', '', 'Incorrect Last Name (length between 3 and 50 characters).', '', '', '', '', 1, 3),
(2, 'firstname', 'First Name', 'VARCHAR', '50', '3', 1, '', '', 'Incorrect First Name (length between 3 and 50 characters).', '', '', '', '', 0, 3);

-- --------------------------------------------------------

--
-- Table structure for table `tbl_projects`
--

DROP TABLE IF EXISTS `tbl_projects`;
CREATE TABLE IF NOT EXISTS `tbl_projects` (
  `project_id` int(20) NOT NULL AUTO_INCREMENT,
  `sector_id` int(20) NOT NULL,
  `title` varchar(150) NOT NULL,
  `description` longtext NOT NULL,
  `image` varchar(200) NOT NULL,
  `slug` varchar(200) DEFAULT NULL,
  `created_date` datetime DEFAULT NULL,
  `updated_date` datetime DEFAULT NULL,
  `status` enum('0','1') NOT NULL DEFAULT '1',
  `url` varchar(200) DEFAULT NULL,
  `meta_description` longtext,
  `meta_keyword` varchar(200) DEFAULT NULL,
  `project_position` int(20) NOT NULL DEFAULT '0',
  PRIMARY KEY (`project_id`)
) ENGINE=MyISAM  DEFAULT CHARSET=latin1 AUTO_INCREMENT=141 ;

--
-- Dumping data for table `tbl_projects`
--

INSERT INTO `tbl_projects` (`project_id`, `sector_id`, `title`, `description`, `image`, `slug`, `created_date`, `updated_date`, `status`, `url`, `meta_description`, `meta_keyword`, `project_position`) VALUES
(1, 1, 'Hyderabad International Airport - Greenfield Airport', '<p class="MsoNormal" style="margin-top:.2in;margin-right:0in;margin-bottom:.2in;\r\nmargin-left:0in;mso-para-margin-top:1.2gd;mso-para-margin-right:0in;mso-para-margin-bottom:\r\n1.2gd;mso-para-margin-left:0in;text-align:justify;line-height:120%">\r\n	Hyderabad International Airport is the country&rsquo;s premier PPP Airport. STUP played an integral and major role in the team which conceived the entire airport master plan of Hyderabad international Airport Limited (HIAL). The airport is rated today amongst the top 5 airports in the world for its capacity and was designed and constructed in a record timeframe of 3.5 years.<o:p></o:p></p>\r\n<p class="MsoNormal" style="margin-top:.2in;margin-right:0in;margin-bottom:.2in;\r\nmargin-left:0in;mso-para-margin-top:1.2gd;mso-para-margin-right:0in;mso-para-margin-bottom:\r\n1.2gd;mso-para-margin-left:0in;text-align:justify;line-height:120%">\r\n	The site covers approximately 2,000 hectares. The master plan is developed in 4 phases for&nbsp; an ultimate&nbsp; capacity&nbsp; of&nbsp; 40&nbsp; million&nbsp; passengers&nbsp; per annum, which is expected&nbsp; to be reached&nbsp; in 2050. Phase - I has been planned to handle&nbsp; 10 million passengers&nbsp; per annum and&nbsp; 100,000&nbsp; tons&nbsp; of&nbsp; cargo&nbsp;&nbsp; per&nbsp; annum,&nbsp; both&nbsp;&nbsp; figures expected&nbsp; to be reached in 2020. The project also involves construction of Information&nbsp; Technology&nbsp; Parks&nbsp; and Business&nbsp; Parks&nbsp; to&nbsp; be&nbsp; developed&nbsp;&nbsp; in&nbsp; the&nbsp; vicinity&nbsp; of&nbsp; the proposed&nbsp; airport.&nbsp; Phase I required 100,000 m<sup>2</sup> passenger terminal in two levels designed to handle passengers and a 10,000 m<sup>2</sup> cargo terminal.<o:p></o:p></p>\r\n', '14225261471.jpg', 'hyderabad-international-airport-greenfield-airport-1', '2015-01-05 11:58:25', '2015-01-29 16:54:15', '1', '', '', 'HIAL Night Photo', 1),
(2, 1, 'New Doha International Airport', '<p class="MsoNormal" style="margin-top:.2in;margin-right:0in;margin-bottom:.2in;\r\nmargin-left:0in;mso-para-margin-top:1.2gd;mso-para-margin-right:0in;mso-para-margin-bottom:\r\n1.2gd;mso-para-margin-left:0in;text-align:justify;line-height:120%">\r\n	A site of approximately 1,700 hectares, located just to the east of the existing airport, has been designated for the development of New Doha International Airport and required some land reclamation.&nbsp; The airport is to be the home base and hub of Qatar Airways. STUP was engaged by Aeroports de Paris to prepare the architectural, engineering and MEP design and details for 40 aviation related structures and also carry out the civil engineering for the airside infrastructure works based on the concept.<o:p></o:p></p>\r\n', '14223437150.jpg', 'new-doha-international-airport', '2015-01-05 11:59:52', '2015-01-29 16:57:49', '1', '', '', '', 2),
(3, 1, 'Bangalore International Airport', '<p class="MsoNormal" style="margin-top:.2in;margin-right:0in;margin-bottom:.2in;\r\nmargin-left:0in;mso-para-margin-top:1.2gd;mso-para-margin-right:0in;mso-para-margin-bottom:\r\n1.2gd;mso-para-margin-left:0in;text-align:justify;line-height:120%">\r\n	The project envisages the expansion of the current terminal from 11.40 Million Passengers per Annum (MPPA) to 17.20 MPPA. T1 will be extended&nbsp; by three grids (3 x 24m) on East and West sides&nbsp; along&nbsp; with an&nbsp; East&nbsp; pier&nbsp; for&nbsp; a&nbsp; total&nbsp; area&nbsp; of 135,165 m<sup>2</sup> (including the existing&nbsp; building) on 4 levels: basement, ground and&nbsp; levels 1 &amp; 2. Preparation of Master plan for various utilities including power, telecommunications and IT, water supply and fire fighting, sewerage system, storm water drainage and rain water harvesting techniques, aviation fuel, solid waste management, piped natural gas (PNG), energy management system (EMS), traffic and circulation etc. for Airside and city side.&nbsp;<o:p></o:p></p>\r\n', '14223439051.jpg', 'bangalore-international-airport', '2015-01-05 12:01:48', '2015-01-29 16:57:25', '1', '', '', '', 0),
(4, 1, 'Passenger Terminal Building At Benghazi Airport', '<p class="MsoBodyText" style="margin-top:.2in;margin-right:0in;margin-bottom:\r\n.2in;margin-left:0in;mso-para-margin-top:1.2gd;mso-para-margin-right:0in;\r\nmso-para-margin-bottom:1.2gd;mso-para-margin-left:0in;text-align:justify;\r\nline-height:120%">\r\n	<span lang="EN-GB" style="font-size:11.0pt;line-height:120%;\r\nfont-family:&quot;Calibri&quot;,&quot;sans-serif&quot;;mso-bidi-font-weight:bold">Libyan Civil Aviation Authority is constructing a Passenger Terminal Building in Bengazi Airport and the built up area is 80,000 sqm. The scope includes preliminary and detailed design of the structural and mechanical work, and specifications. STUP is also doing the detailed design of the architectural work and reports of the terminal building for Aeroports de Paris Ingenieurs, Paris. The terminal is conceived with a complex roof structure in&nbsp; a large birdlike shell incorporating skylights. The sweeping aerodynamic roof is the signature element in the design of this prestigious terminal building.<o:p></o:p></span></p>\r\n', '14212354061.jpg', 'passenger-terminal-building-at-benghazi-airport', '2015-01-05 12:02:35', '2015-01-29 16:41:44', '1', '', '', '', 3),
(5, 1, 'Passenger Terminal Building At Sebha Airport', '<p class="MsoBodyText" style="margin-top:.2in;margin-right:0in;margin-bottom:\r\n.2in;margin-left:0in;mso-para-margin-top:1.2gd;mso-para-margin-right:0in;\r\nmso-para-margin-bottom:1.2gd;mso-para-margin-left:0in;text-align:justify;\r\nline-height:120%">\r\n	<span lang="EN-GB" style="font-size:11.0pt;line-height:120%;\r\nfont-family:&quot;Calibri&quot;,&quot;sans-serif&quot;;mso-bidi-font-weight:bold">Libyan Civil Aviation Authority is constructing a Passenger Terminal Building in Sheba Airport and the built up area of the building is 60,000 sqm. The scope includes preliminary and detailed design of the structural and mechanical work, and specifications. STUP is also doing the detailed design of the architectural work and reports of the terminal building for Aeroports de Paris Ingenieurs, Paris. The architecture involves and expressive structural system with&nbsp; lightwells and hyperbolic paraboloids, with ample daylighting and greenery in this futuristic modular design.<o:p></o:p></span></p>\r\n', '14223439710.jpg', 'passenger-terminal-building-at-sebha-airport', '2015-01-05 12:03:04', '2015-01-29 16:41:54', '1', '', '', '', 4),
(132, 2, 'IIM, Ahmedabad, Expansion', '<p>\r\n	This competition winning project envisages the expansion project of the Indian Institute of Management designed by the legendary architect Louis Kahn.&nbsp;</p>\r\n<p>\r\n	The expansion of this complex involves the design of residential facilities and a student activity centre housing 320 students.&nbsp;</p>\r\n<p>\r\n	The project draws inspiration from Louis Kahn&rsquo;s rhythms of repetitions. &nbsp;While using the modular units and a play of light and volumes the design creates unique shaded spaces in a tight urban context.</p>\r\n<p>\r\n	The rooms are tightly around private courtyards eliminating visual obstruction and ensuring privacy.&nbsp;</p>\r\n<p>\r\n	The student activity centre is located at the podium of the building and accessed by an angular staircase, which led to entrance of the structure above the podium.&nbsp;</p>\r\n<p>\r\n	The play of light and the creation of intimate and social spaces form the central theme of this contextual response to the architecture of the existing IIM campus.</p>', '14220748500.jpg', 'iim-ahmedabad-expansion', '2015-01-24 10:17:30', NULL, '1', '', '', '', 0),
(131, 2, 'Parliament Building for the Gambia ', '<p>\r\n	This green building designed house the Parliament of The Gambia located in west Africa . It has been conceived as an iconic and symbolic building. &nbsp;The curved roof represent s the flow of the river Gambia and Golden CONE houses the assembly hall representing the orange flame of hope &nbsp;an important theme depicted in the countries banner. The Green embankments represent the agriculture which forms the sustenance of this river line country. &nbsp;</p>\r\n<p>\r\n	The design envisages naturally ventilated and cool space sand public areas, it maximizes the entry of indirect light through devices such as skylights and internal courts and the innovative perforated shading screens of the assembly hall. &nbsp;</p>\r\n<p>\r\n	This small project for this little country involves the challenge of the conception of an Iconic and signature building with its sweeping curve, environmental sky-frame roof, and use of sustainable and green design strategies.&nbsp;</p>', '14220747841.jpg', 'parliament-building-for-the-gambia', '2015-01-24 10:16:24', NULL, '1', '', '', '', 0),
(81, 7, 'Central Secretariat Station (Entrance), New Delhi', '<p>\r\n	This is the starting point of The Central Secretariat &ndash; Badarpur Corridor of Delhi MRTS and of length 0.686KM which consist of the underground New Central Secretariat Station (close to the existing Central Secretariat Station on Line-2 in operation) of length 240 m and tunnel of length 446 m. The work consist of design and drawing of the Station and the tunnel along with associated structures such as Entry/ Exit Structure, utilities Galleries, AC Plant room, pump house , Diesel Generator Room etc. One of the main features of the project is to facilitate the connecting arrangement between the existing and the proposed station at two levels i.e at Platform level and the concourse level by breaking the wall of the existing station.</p>\r\n<p>\r\n	This station is located in a very sensitive location near Parliament and a narrow strip of approximately 40 m is available with KrishiBhavan on one side and the existing station on the other side and the total construction was done by Cut &amp; Cover Method. All the temporary retaining structural works with soldier piles and struts associated with the construction of works including the temporary decking over cut &amp; cover structures under roadways to allow uninterrupted flow of traffic also part of the Project.</p>\r\n<p>\r\n	Owner : Delhi Metro Rail Corporation</p>', '14219461103.jpg', 'central-secretariat-station-(entrance)-new-delhi', '2015-01-22 22:31:50', NULL, '1', '', '', '', 0),
(13, 1, 'Indian Airlines Hangar at Santacruz Airport, Mumbai', '<p class="MsoNormal" style="margin-top:.2in;margin-right:0in;margin-bottom:.2in;\r\nmargin-left:0in;mso-para-margin-top:1.2gd;mso-para-margin-right:0in;mso-para-margin-bottom:\r\n1.2gd;mso-para-margin-left:0in;text-align:justify;line-height:120%;mso-layout-grid-align:\r\nnone;text-autospace:none">\r\n	This hangar can service 2 Airbus 300s and 8 Caravelles simultaneously. It has a prestressed concrete folded plate roof with stayed cantilevers of 62.3 m span on either side of the 27.4 m wide central service complex. The<span style="mso-bidi-font-family:Calibri;color:#231F20;mso-bidi-language:MR"> balanced cantilever roof has thin prestressed concrete folded plates and back stays. The extremely light structure has an average concrete thickness of just 200mm. The overall length between cantilever tips is 152m, its width 91.4m and height 15.9m.<o:p></o:p></span></p>\r\n<p class="MsoNormal" style="margin-top:.2in;margin-right:0in;margin-bottom:.2in;\r\nmargin-left:0in;mso-para-margin-top:1.2gd;mso-para-margin-right:0in;mso-para-margin-bottom:\r\n1.2gd;mso-para-margin-left:0in;text-align:justify;line-height:120%;mso-layout-grid-align:\r\nnone;text-autospace:none">\r\n	<span style="mso-bidi-font-family:Calibri;color:#231F20;\r\nmso-bidi-language:MR">The thin roof of 200mm was built with M45 concrete and was developed by STUP without the use of plasticizers.&nbsp; It is an internationally acclaimed structure and i</span>n 1970 the stayed cantilever roof held a world record for a stayed concrete structure.<o:p></o:p></p>\r\n', '14223440190.jpg', 'indian-airlines-hangar-at-santacruz-airport-mumbai', '2015-01-13 12:41:24', '2015-01-29 16:42:15', '1', '', '', '', 5),
(14, 1, 'Air India Boeing 747 Hangar at Santacruz  Airport, Mumbai', '<p class="MsoNormal" style="margin-top:.2in;margin-right:0in;margin-bottom:.2in;\r\nmargin-left:0in;mso-para-margin-top:1.2gd;mso-para-margin-right:0in;mso-para-margin-bottom:\r\n1.2gd;mso-para-margin-left:0in;text-align:justify;line-height:120%;mso-layout-grid-align:\r\nnone;text-autospace:none">\r\n	<span style="mso-bidi-font-family:Calibri;color:#231F20;\r\nmso-bidi-language:MR">The 96.6m long structural steel cantilever roof of the hangar is designed to house 747 Jumbo Jets. The highest point of the roof is located 32.3m above ground level to accommodate the tail of the aircraft and overhead equipment. The cantilever structure is anchored to rock by means of specially coated corrosion-proof prestressed anchors for which 24mm diameter 8 cables have been used.<o:p></o:p></span></p>\r\n<p class="MsoNormal" style="margin-top:.2in;margin-right:0in;margin-bottom:.2in;\r\nmargin-left:0in;mso-para-margin-top:1.2gd;mso-para-margin-right:0in;mso-para-margin-bottom:\r\n1.2gd;mso-para-margin-left:0in;text-align:justify;line-height:120%">\r\n	The roof is a structural steel cantilever truss suspended by structural steel stays, struts and back-stays which can all function under stress reversals. The clear stayed cantilever is 78 m.&nbsp; It was a world record, at that time, for this type of cantilever roof.<o:p></o:p></p>\r\n', '14223440580.jpg', 'air-india-boeing-747-hangar-at-santacruz-airport-mumbai', '2015-01-13 12:42:32', '2015-01-29 16:42:24', '1', '', '', '', 6),
(15, 1, 'Agatti Airport, Lakshadweep ', '<p class="MsoBodyText" style="margin-top:.2in;margin-right:0in;margin-bottom:\r\n.2in;margin-left:0in;mso-para-margin-top:1.2gd;mso-para-margin-right:0in;\r\nmso-para-margin-bottom:1.2gd;mso-para-margin-left:0in;text-align:justify;\r\nline-height:120%">\r\n	<span lang="EN-GB" style="font-size:11.0pt;line-height:120%;\r\nfont-family:&quot;Calibri&quot;,&quot;sans-serif&quot;">The proposed project is the Development and Modernization of Agatti Airport. The runaway strip, 335m x 192m wide, is to be built on an RCC platform in the sea. The platform will also accommodate apron, terminal building, ATC, technical building and fire station etc. This Coral Reef Island does not permit reclamation and the RCC platform will minimise environmental damage. The Passenger Terminal is designed to complement the serene atmosphere in Agatti Island and is a prefabricated large span hyperboloid structure with skylights providing a column free interior hall. The fa&ccedil;ade is pre-dominantly glass to provide a clear view of the scenic lagoon to the passengers. The building is a single level terminal and is designed for 75 Arriving Pax and 75 Departing Pax. with expansion capacity for 150 Arriving Pax and 150 Departing Pax. The overall area of the Passenger Terminal is 2950 sqm.<o:p></o:p></span></p>\r\n', '14223441802.jpg', 'agatti-airport-lakshadweep', '2015-01-13 12:43:34', '2015-03-03 12:24:17', '1', '', '', '', 7),
(16, 1, 'Modernisation and Upgradation of Helibase at Juhu', '<p class="MsoNormal" style="margin-top:.2in;margin-right:0in;margin-bottom:.2in;\r\nmargin-left:0in;mso-para-margin-top:1.2gd;mso-para-margin-right:0in;mso-para-margin-bottom:\r\n1.2gd;mso-para-margin-left:0in;text-align:justify;line-height:120%">\r\n	The offshore operation of the ONGC is heavily dependent on the Juhu Helibase since the manpower for the rig operation is taken from here to the high sea. The upgradation will ensure uninterrupted operations throughout the year by raising the existing hangar floor level, rerouting and raising the access road, raising the apron level above the High Flood Level. The project involves consolidating the existing scattered facilities into one single annex building and constructing an additional ATF facility. The scope includes Concept Design, Detailed Architectural Design and Drawings, Detailed Structural Design, Electrical Engineering, Ventilation and Air Conditioning. The futuristic terminal building is designed with an aerodynamic architecture using maximum daylight and internal courts to enhance the ambience.<o:p></o:p></p>\r\n', '14223441140.jpg', 'modernisation-and-upgradation-of-helibase-at-juhu', '2015-01-13 12:45:18', '2015-01-29 16:42:37', '1', '', '', '', 8),
(17, 1, 'Hangar Building, Hal Helicopter Factory Complex, Bangalore', '<p class="MsoNormal" style="margin-top:.2in;margin-right:0in;margin-bottom:.2in;\r\nmargin-left:0in;mso-para-margin-top:1.2gd;mso-para-margin-right:0in;mso-para-margin-bottom:\r\n1.2gd;mso-para-margin-left:0in;text-align:justify;line-height:120%;mso-layout-grid-align:\r\nnone;text-autospace:none">\r\n	<span style="mso-bidi-font-family:Calibri;color:#231F20;\r\nmso-bidi-language:MR">This hangar building covers an area of 74m x 63m in plan. The central two storeyed complex is flanked by cantilever hangars measuring 32.5m on either side. The roof structure is a continuous multiple folded plate system in reinforced concrete. The hangers are suspended by prestressed concrete ties which meet the triangulation formed by the inclined pylons and the roof of the central complex.STUP was engaged in conceiving and designing the entire masterplan and facilities of the HAL complex in Bangalore which contains many signature buildings.<o:p></o:p></span></p>\r\n', '14223441450.jpg', 'hangar-building-hal-helicopter-factory-complex-bangalore', '2015-01-13 12:46:14', '2015-01-29 16:42:43', '1', '', '', '', 9),
(18, 10, 'GHATAPRABHA RIGHT BANK CANAL PROJECT, KARNATAKA', '<p align="left" class="MsoBodyText">\r\n	<span lang="EN-GB" style="font-size:9.0pt;line-height:150%;mso-ansi-language:EN-GB">Ghataprabha Right Bank Canal (GRBC) is one of the three components in Ghataprabha Project running for a length of 202 km irrigating about 9000 hectares of lands in Belgaum and Bagalkot districts of Karnataka. The scope of work included detailed engineering, comprehensive network plan and detailed final location survey of GRBC main canal of 82 km length. The project involved construction of various cross drainage and head works of about 450 nos, such as single and double lane road bridges, aqueducts, super passage, canal syphons, cross regulators, head regulator, box culverts, adjustable proportionate and open flume modular type outlets, and vertical drops. The main canal is lined with plain cement concrete. Berms are provided at every 6.0m in deep cutting<o:p></o:p></span></p>\r\n', '14223609790.jpg', 'ghataprabha-right-bank-canal-project-karnataka', '2015-01-13 14:45:03', '2015-01-27 17:46:19', '1', '', '', '', 0),
(19, 10, 'BHIMA AQUEDUCT, MAHARASHTRA', '<p class="MsoBodyText">\r\n	<span style="font-size:9.0pt;line-height:150%">The Bhima aqueduct was constructed by the Government of Maharashtra to irrigate drought prone areas of Sholapur district. The aqueduct, with a discharge of 42.5 cumecs, is 947m in length with a 3.5m roadway and continuous spans of 41.5m. The aqueduct is supported on 23 tall, slender, hollow circular piers 40m high, constructed with climbing forms. The truncated circular cross section which is 4.8m in diameter achieves high hydraulic and structural efficiency and reduces transverse effects,&nbsp; due to membrane forces, easily taken by transverse prestressing. <o:p></o:p></span></p>\r\n<p class="MsoBodyText">\r\n	<span style="font-size:9.0pt;line-height:150%">Rapid and economic construction was achieved by adopting the free cantilever method, using precast match cast epoxy glued prestressed segments, which was the latest technology at that time. It is an outstanding structure in many ways and is a major shift from traditional methods of design and construction of aqueducts. It combines aesthetics with efficiency and economy. Specially designed and fabricated lightweight equipment for construction were fabricated locally.<o:p></o:p></span></p>\r\n', '14223610280.jpg', 'bhima-aqueduct-maharashtra', '2015-01-13 14:46:02', '2015-01-27 17:47:08', '1', '', '', '', 0),
(20, 10, 'SYPHON AQUEDUCT ON RIVER MEN, GUJARAT', '<p align="left" class="MsoBodyText">\r\n	<span lang="EN-GB" style="font-size:9.0pt;line-height:150%;mso-ansi-language:EN-GB">This Syphon Aqueduct is provided where the Narmada Main Canal crosses the Men River and has a design discharge of 1560 cumecs. The Narmada Main Canal is 73.1m wide at the base, has a water depth of 7.6m and has sloping sides. At the crossing, the canal is flumed to a width of 50m and is taken over a series of 16 barrels. &nbsp;Each barrel is 7m wide and 5.03m high The foundation is in the form of an RCC raft resting on sandy strata. A meter deep portion of soil below the raft is replaced by compacted sand to serve as a uniform cushion. The raft is surrounded by an RCC diaphragm wall, which confines the soil strata. The design takes into account effects of foundation strata settlement.</span><span lang="EN-GB"><o:p></o:p></span></p>\r\n', '14223610650.jpg', 'syphon-aqueduct-on-river-men-gujarat', '2015-01-13 14:46:56', '2015-01-27 17:47:45', '1', '', '', '', 0),
(21, 10, 'INDIRA SAGAR DAM, IRRIGATION AND HYDRO-ELECTRIC PROJECT,  MADHYA PRADESH', '<p>\r\n	<span lang="EN-GB" style="font-size:9.0pt;font-family:\r\n&quot;Times New Roman&quot;,&quot;serif&quot;;mso-fareast-font-family:&quot;Times New Roman&quot;;mso-ansi-language:\r\nEN-GB;mso-fareast-language:EN-US;mso-bidi-language:AR-SA">The Narmada Hydroelectric Development Corporation Limited ( joint venture of the National Hydroelectric Power Corporation and the Govt. of Madhya Pradesh) constructed the Indira Sagar Dam on the river Narmada. It is a concrete gravity dam, 653 m in length, with a maximum height of 92 m. The spillway portion of the dam consists of twenty, 20 m wide gated spillways with 21 piers. The spillway gates are of the sector type, and are lifted hydraulically. The gates are 20 m wide 17 m in height, and extend from pier to pier. Each pier is 5 m in width. Prestressed replaceable anchors are provided for the spillway gates.&nbsp;</span></p>\r\n', '14223610930.jpg', 'indira-sagar-dam-irrigation-and-hydro-electric-project-madhya-pradesh', '2015-01-13 14:47:59', '2015-01-27 17:48:13', '1', '', '', '', 0),
(22, 10, 'ORSANG AQUEDUCT ON NARMADA MAIN CANAL, GUJARAT', '<p class="MsoBodyText">\r\n	<span style="font-size:9.0pt;line-height:150%">The Orsang River carries a maximum flood discharge of 15,235 cumecs.&nbsp; The depth of scour for piers at maximum flood discharge is 21.38 m below the HFL.&nbsp; The typical span is 20.3 m center to center of bearings. Due to the large water and concrete load, the piers are in solid RCC, 80 m in length and 2.5 m in thickness.&nbsp; They rest over pile caps which are 1.5 m thick. The structure rests on 26 piers and two abutments.<o:p></o:p></span></p>\r\n<p class="MsoBodyText">\r\n	<span style="font-size:9.0pt;line-height:150%">&nbsp; <o:p></o:p></span></p>\r\n<p class="MsoBodyText">\r\n	<span style="font-size:9.0pt;line-height:150%">&nbsp;The Orsang aqueduct is one of the pioneering applications of large diameter pile foundations in which the more conventional and expensive well foundations were replaced by piles. This reduced the amount of concrete in the foundations significantly.&nbsp; Similarly, savings in materials required for the superstructure were also made.<o:p></o:p></span></p>\r\n', '14223611130.jpg', 'orsang-aqueduct-on-narmada-main-canal-gujarat', '2015-01-13 14:49:08', '2015-01-27 17:48:33', '1', '', '', '', 0),
(23, 10, 'Management Consultancy & Technical Assistance for Water Resources Consolidation Project, Orissa', '<p>\r\n	<span style="font-size:9.0pt;font-family:&quot;Arial&quot;,&quot;sans-serif&quot;;\r\nmso-fareast-font-family:&quot;Times New Roman&quot;;color:#231F20;mso-ansi-language:EN-US;\r\nmso-fareast-language:EN-US;mso-bidi-language:MR">The project primarily deals with providing support and advice to the Department of Water Resources. The assignment covers the following major water resource projects in the entire state of Orissa:&nbsp; Scheme Completion for Rengali, Mahanadi, Narej, Badanalla, Harbhangi, Hariharjore, Upper Jonk, Beghua; Selected System Improvement and Farmer Turnover for Kendrapara Canal, Sakhigopal, Rushikulya, Baitarani, Hirakud, Hiradharabati, Godahadha;&nbsp; Combined Scheme Completion and Selected System Improvement and Farmer Turnover for Mahanadi Basin and Baitarani Basin</span></p>\r\n', '14223611350.jpg', 'management-consultancy-and-technical-assistance-for-water-resources-consolidation-project-orissa', '2015-01-13 14:50:15', '2015-01-27 17:48:55', '1', '', '', '', 0),
(24, 10, 'GANDIKOTA DAM, ANDHRA PRADESH', '<p>\r\n	<span lang="EN-GB" style="font-size:9.0pt;font-family:\r\n&quot;Times New Roman&quot;,&quot;serif&quot;;mso-fareast-font-family:&quot;Times New Roman&quot;;mso-ansi-language:\r\nEN-GB;mso-fareast-language:EN-US;mso-bidi-language:AR-SA">Gandikota Dam is constructed in the gorge portion at the confluence of river Chitravathi and Pennar, Kadapa District, Andhra Pradesh, a part of the Galeru Nagari Sujala Sravanthi project. The main objective of the project is irrigation and flood control. Length of this Dam is 305m, height is 40.50m above foundation level, storage capacity is 760m<sup>3</sup>. The spillway is provided with 14 nos, 15.0mx9.80m radial gates to discharge design flood of 8180 cumecs. A roller bucket type energy dissipater is provided with a concrete apron. A drainage gallery relieves uplift pressure in the dam. Instrumentation has been installed to monitor performance of the dam.</span></p>\r\n', '14223611690.jpg', 'gandikota-dam-andhra-pradesh', '2015-01-13 14:51:12', '2015-01-27 17:49:29', '1', '', '', '', 0),
(25, 10, 'KOL DAM HYDROELECTRIC POWER PROJECT, HIMACHAL PRADESH', '<p>\r\n	<span lang="EN-IN" style="font-size:9.0pt;font-family:\r\n&quot;Times New Roman&quot;,&quot;serif&quot;;mso-fareast-font-family:&quot;Times New Roman&quot;;mso-ansi-language:\r\nEN-IN;mso-fareast-language:EN-US;mso-bidi-language:AR-SA">The Kol Dam project is located on the Sutlej River, 6 km upstream of Dehar Power Station in Himachal Pradesh. It consists of a 163 m high rock fill dam, which is taken on the downstream side of the concrete portion of the dam.&nbsp; It has a power house located at the toe of the dam with an installed capacity of 4 x 200 MW. The height of the spillway is 26 m &amp; the height of the spillway weir is 49 m. The length of the spillway weir is 138.6 m with six modules of 23.1 m each. There are six radial gates of 17.1 m width x 17 m height. The dam has a maximum storage capacity of 560 x 106 m<sup>3</sup>. The penstocks from the intake chamber to the power house incorporate four parallel, approximately 8.5 m diameter, horseshoe tunnels.</span></p>\r\n', '14223611910.jpg', 'kol-dam-hydroelectric-power-project-himachal-pradesh', '2015-01-13 14:52:05', '2015-01-27 17:49:51', '1', '', '', '', 0),
(26, 10, 'GHATTARGA BARRAGE, KARNATAKA ', '<p>\r\n	<span lang="EN-GB" style="font-size:9.0pt;font-family:\r\n&quot;Times New Roman&quot;,&quot;serif&quot;;mso-fareast-font-family:&quot;Times New Roman&quot;;mso-ansi-language:\r\nEN-GB;mso-fareast-language:EN-US;mso-bidi-language:AR-SA">A submersible Bridge cum Barrage has been constructed across river Bhima near Ghattarga village, Gulbarga district, Karnataka. Length of the overflow barrage is 330m with 10m non-overflow section on left side and 90m on right side. Counter fort retaining walls are provided at the ends of the barrage. Approach roads connecting to Morartagi and Afzalpur are provided. FRL is 7m above broad crested weir level. Barrage is provided with 110 vents, 2m wide. The maximum discharge capacity of the barrage is 990 cumecs. Vertical needle type gates of size 2m x 7m are provided. Horizontal stilling basin type energy dissipater is proposed with concrete apron. Carriageway of the bridge is 7.5m.&nbsp;</span></p>\r\n', '14223612270.jpg', 'ghattarga-barrage-karnataka', '2015-01-13 14:53:28', '2015-01-27 17:50:27', '1', '', '', '', 0),
(27, 10, 'REMODELING OF TUNGA BHADRA RIGHT BANK HIGH LEVEL AND POWER CANAL ', '<p align="left" class="MsoBodyText">\r\n	<span lang="EN-IN" style="font-size:9.0pt;line-height:150%;mso-ansi-language:EN-IN">Tungabhadra Right Bank High Level Canal (RBHLC) &amp; Power Canal (PC) is an interstate project between the states of Andhra Pradesh &amp; Karnataka. RBHLC and Power Canal are proposed for remodelling as there is deficiency in carrying capacity i.e. canal is unable to draw its full designed discharge. Design Discharge of RBHLC is 4000 cusecs and Power Canal is 2500 cusecs. Deficiency is observed due to ageing, seepage, silting, distortion in the canal shape due to scouring &amp; erosion, improper functioning of structures, etc. Canal Improvements such as lining and uniformity in bed width, slide slopes,&nbsp; bed fall etc. are proposed. All the structures will be checked for their hydraulic and structural adequacies.<o:p></o:p></span></p>\r\n', '14223612480.jpg', 'remodeling-of-tunga-bhadra-right-bank-high-level-and-power-canal', '2015-01-13 14:58:49', '2015-01-27 17:50:48', '1', '', '', '', 0),
(37, 5, 'Feasibility Study for 6-Laning of NH-8 from Surat to Dahisar', '<p class="MsoBodyText">\r\n	Preparation of the Feasibility Report for rehabilitation and up-gradation of the existing 4 lane National Highway section to 6 lane divided carriageway configuration required extensive survey work of topography, traffic, condition of structures and sub-soil conditions. The economic and financial analysis was prepared, by estimating cost of undertaking the project and the benefits, that would accrue to the users as also to the society at large. The work involved examination of environmental impact during construction &nbsp;and post implementation of the project, recommendation of mitigatory measures, &nbsp;social parameters like rehabilitation of the affected persons as well as employment generation and wealth creation.</p>\r\n<p class="MsoBodyText">\r\n	Completion of the feasibility study in the short time of 9 m for the National Highway Authority, helped in the early implementation of the project which was a part of Phase-V of the National Highway Development Programme.</p>\r\n<p class="MsoBodyText">\r\n	&nbsp;</p>', '14219256480.jpg', 'feasibility-study-for-6-laning-of-nh-8-from-surat-to-dahisar', '2015-01-22 16:50:48', '2015-01-22 17:34:49', '1', '', '', '', 0),
(40, 5, 'Design Work for Pathankot to Amritsar Section of NH-15', '<p>\r\n	A length of 102 km in the heavily built-up section of NH-15 offered major challenges in execution of this work. &nbsp;Apart from design of the main carriageway, 44 km of service roads had to be developed on account of high level occupancy &nbsp; and development along the corridor. &nbsp;Six by-passes covering almost 40% of the stretch were required to be created apart from realignment of 1.6 km. Within the stretch, there were 24 major junctions and 5 Grade separators. &nbsp;Additionally the stretch had 148 Nos minor junctions and a large number of bridges (major 4 and minor 6). &nbsp;Five ROB&rsquo;s had to be designed apart from widening of 90 existing culverts and reconstruction/ &nbsp; new construction of more than 200 culverts.&nbsp;</p>\r\n<p>\r\n	As the client was a fast track contractor, services had to be provided rapidly, to match the speed of construction and design work was carried out sufficiently ahead of work in the field in proper sequence. The project earned STUP high appreciation from the Authorities and the Stakeholders.</p>', '14219284160.jpg', 'design-work-for-pathankot-to-amritsar-section-of-nh-15', '2015-01-22 17:36:56', NULL, '1', '', '', '', 0),
(38, 5, 'Road Master Plan for Bangladesh', '<p class="MsoBodyText">\r\n	Most areas of Bangladesh are flood plains, subject to heavy rainfall and consequent flooding. With a disjointed network and disruption by mighty rivers, road communication was one of the critical problems of the newly-born country. World Bank, Asian Development Bank and the Japanese Development Fund were keen to invest in the road network which was important to bolster the economy. &nbsp;</p>\r\n<p class="MsoBodyText">\r\n	Asian Development Bank took the lead by inviting a large consultancy assignment for creating a Road Master Plan for the entire country that would include the National Network, the Regional Roads and Major District Roads so that most areas of Bangladesh could be readily accessed by motorized road transport. ADB desired that the Road Master Plan be developed based on HDM (Highway Design Module) software, developed by the World Bank sometime earlier. This was a unique initiative as nowhere in the World had such software been used for creating a Master Plan for an entire country.</p>\r\n<p class="MsoBodyText">\r\n	STUP Consultants alongwith Transroute International, a French Consultant, secured this prestigious assignment against intense International competition. The team of specialists posted in the Project office at Dhaka, created through the Local Associate &ndash; Bangladesh Consultants Ltd, conducted intensive field studies with custom built equipments for assessing road conditions of 12,500 km of Roads all over the country and evaluated the restrictive effects of multiple vehicle ferry crossings that were unique to this country.</p>\r\n<p class="MsoBodyText">\r\n	Transport economists analyzed the effects of such traffic hold ups and worked out the benefits of the Master Plan that would accrue to the road users. All the data was fed into the HDM programme for generating an optimum road network development scheme that would be the Road Master Plan of the country, which become the basis for future road development projects for the next 20 years. Road development and road maintenance programmes of the country, formulated by abiding with the Master Plan, generated immense benefit to the economy of Bangladesh and helped &nbsp;the &nbsp;country in becoming economically self sufficient.</p>\r\n<p class="MsoBodyText">\r\n	Playing a lead role in the development of the Road Master Plan, STUP earned appreciation from International funding agencies.</p>\r\n<div>\r\n	&nbsp;</div>\r\n<p class="MsoNormal">\r\n	<o:p></o:p></p>\r\n', '14219258060.jpg', 'road-master-plan-for-bangladesh', '2015-01-22 16:53:26', '2015-01-22 17:31:33', '1', '', '', '', 0),
(41, 5, 'Construction Supervision of Ratanpur  Gandhinagar on NH8', '<p>\r\n	Rapid industrialization in the State of Gujarat, required that, four-laning of a 106 KM two-lane stretch of NH8 between Ratanpur and Gandhinagar, be taken up on priority basis.</p>\r\n<p>\r\n	Appointed by NHAI, STUP&rsquo;s role was to provide expert supervision and quality control of the project execution in the field. &nbsp;The project was procured against International Competitive Bidding process and executed under FIDIC conditions of contract. This was one of the first projects in India to use state-of-art machinery and equipment on Road projects. The project included two major bridges across wide rivers, flyovers, ROB and cross drainage structures. Work also included construction of a bypass, Toll Plaza, drainage, way-side amenities and stabilization of existing embankments. &nbsp;Training of workmen for quality control and for ensuring safety during construction was a part of the assignment</p>', '14219284830.jpg', 'construction-supervision-of-ratanpur-gandhinagar-on-nh8', '2015-01-22 17:38:03', NULL, '1', '', '', '', 0),
(39, 5, 'Local Roads Improvement Project in Indonesia', '<p>\r\n	STUP won this prestigious ADB funded project, after keen competition from International Consultants from the developed countries based on Quality of their proposal. The project was a part of the 9th Road Maintenance Sector project for Indonesia implemented by Bina Marga, Ministry of Public Works, Indonesia.</p>\r\n<p>\r\n	The work included screening and feasibility study for improvement of local roads in 46 Kabupatens (districts) in the provinces of Central Java, Yogyakarta and East Java. The scope included socio economic review, data collection, traffic and condition surveys, environmental impact and mitigation, and evaluation of benefits.</p>\r\n<p>\r\n	With efficient implementation of this assignment, the studies were extended to cover 24 more Kabupatens in Central Java and East Java thus covering 45,000 km of road in 70 districts in three provinces. &nbsp;A new technique was developed to select candidate links for improvement. &nbsp;Recommendations were made regarding, equipment selection and institutional development for effective implementation. &nbsp;</p>\r\n<p>\r\n	The Project provided STUP an opportunity for interaction with a major local consulting organization, P T Yodya Karya. This land mark project in Indonesia helped STUP in developing cordial relations with various stakeholders in the country and opened doors for more work in S.E. Asia.</p>\r\n<p>\r\n	&nbsp;</p>', '14219259950.jpg', 'local-roads-improvement-project-in-indonesia', '2015-01-22 16:56:35', '2015-01-22 17:35:34', '1', '', '', '', 0),
(60, 3, '01REACTOR BUILDINGS FOR THE ATOMIC POWER PLANTS (2X235MW), MADRAS ', '<p>\r\n	The reactor buildings have a double containment: the inner prestressed &nbsp;concrete &nbsp;containment &nbsp;is 610 mm thick, 39.6 m diameter and 42.6m height and the outer containment is a reinforced stone masonry free standing shell 710 mm thick. It provides a second barrier and additional radiation protection. The inner prestressed concrete containment covered with 5 coats of PVC paint on the inside provides a leak tight environment which can withstand internal pressures and temperatures during an MCA. The annular space &nbsp;between &nbsp;the containments is maintained &nbsp;below &nbsp;atmospheric pressure (- 0.2 Atmospheres) &nbsp;to aspirate any leakage from the inner shell in the event of an MCA.&nbsp;</p>\r\n<p>\r\n	This structure, conceived in 1967, is the world&rsquo;s first double containment system. After MAPP, many countries have adopted the Double Containment System as it provides the highest security against radioactivity.&nbsp;</p>', '14219307390.jpg', '01reactor-buildings-for-the-atomic-power-plants-(2x235mw)-madras', '2015-01-22 18:15:39', NULL, '1', '', '', '', 0),
(61, 3, '2 X 235 MW ATOMIC  POWER  PLANTS,  AT NARORA,  UTTAR  PRADESH  (NAPP 1&2) ', '<p>\r\n	The double containment concept developed for MAPP was taken further in the nuclear reactors at Narora. This was achieved by restricting the inner prestressed concrete &nbsp;container to the radioactive source of energy. The other source of energy, the steam generators, were placed outside in the RCC containment. The slab separating the high pressure space (when there is a Maximum Credible Nuclear Accident) was designed as a cellular grid. Independent safety valves in the outer containment called blow out panels, for boiler related accidents, eliminate high pressure rise in the second containment. Further, the annular space between the containments and the voids in the slab are permanently maintained &nbsp;at a negative pressure in order to minimize the danger of radioactive gases leaking into the atmosphere.</p>\r\n<p>\r\n	Instead of a single protective layer above the radio-active source, this design has a complete double containment.</p>', '14219309290.jpg', '2-x-235-mw-atomic-power-plants-at-narora-uttar-pradesh-(napp-1and2)', '2015-01-22 18:18:49', NULL, '1', '', '', '', 0),
(43, 5, 'Detailed Project Report for 1300 km Rural Roads under PMGSY Scheme', '<p>\r\n	Pradhan Mantri Gram Sadak Yojana (PMGSY) is an iconic project for connecting every habitation of upto 250 persons in the country with a motorable road network, and designed to improve the &nbsp;mobility and connectivity of the vast rural population.&nbsp;</p>\r\n<p>\r\n	STUP was entrusted with the preparation of detailed project report along with drawings covering alignment plan, pavement design, cross drainage structures, and cost estimates for 1250 km roads, through hilly terrains of Tripura. Work included more than 220 links in the districts of North Tripura and Dhalai, in areas with security risk, arising from cases of insurgency. More than 350 km of road were upgraded apart from new construction of 950 km. One of the challenges was achieving proper road geometry in terrain with steep gradients.</p>\r\n<p>\r\n	Some of the serious challenges were land acquisition, heavy rainfall, weak soil strata, scarcity of construction materials. &nbsp;STUP carried out extensive reconnaissance of the existing alignment and extensive investigations. Innovative solutions to overcome the challenges were provided during implementation.</p>', '14219287900.jpg', 'detailed-project-report-for-1300-km-rural-roads-under-pmgsy-scheme', '2015-01-22 17:43:10', NULL, '1', '', '', '', 0),
(44, 5, 'Mumbai-Pune Expressway', '<p>\r\n	Mumbai-Pune Expressway, a Greenfield six lane access controlled freeway, &nbsp;with two intermediate interchanges, &nbsp;is a landmark project that created wide awareness of the benefits of the expressway system among the Indian urban population for the first time. &nbsp;Linking of two major urban centers free from interfering traffic, benefited users immensely by reduction to half the travel time leading to fuel savings, reduced accidents and environmental gains.</p>\r\n<p>\r\n	STUP, as the Consultant handling the difficult 14 km stretch starting from Panvel, near Mumbai, contributed greatly to the success of this project. STUP&rsquo;s assignment included finalizing the alignment and geometric design, design of the rigid concrete pavement, bridges, underpass and overpass, planning of drainage and signage. &nbsp;Starting with topographical survey and geotechnical investigations, work included the detail engineering, preparation of tender documents, cost estimates, scrutiny and evaluation of tenders and construction supervision, quality Assurance and project management. This expressway, through western ghat hilly areas, stands as a testimony to engineering excellence in the highway sector of the country.</p>', '14219288590.jpg', 'mumbai-pune-expressway', '2015-01-22 17:44:19', NULL, '1', '', '', '', 0),
(45, 5, 'Expressways at Haza Al Maqam, Al Ain, UAE', '<p>\r\n	The Haza Al Maqam Expressways was a prestigious project in the initial days of development in United Arab Emirates. The 135 km long road network, mostly through desert landscape, was divided into 22 sectors for fast implementation. STUP&rsquo;s scope of work included planning and designing of the Road Network, segregating vehicular and pedestrian movement, design of intersections and parking facilities, designing of sidewalk and shoulders and the cross drainage structures.&nbsp;</p>\r\n<p>\r\n	With an eye to the future, development needs were also planned, both in terms of user requirement and environmental facilities. The planning could cope with the rapid growth that the region faced with fast economic development that came from deployment of oil wealth in infrastructure expansion.</p>\r\n<p>\r\n	Work was carried out for the Al Ain Municipality.</p>\r\n', '14219289390.jpg', 'expressways-at-haza-al-maqam-al-ain-uae', '2015-01-22 17:45:39', NULL, '1', '', '', '', 0),
(46, 5, 'Detailed Engineering Design Services for design and construction of Eastern Freeway in Mumbai', '<p>\r\n	Eastern Freeway is a Road link in Mumbai that connects Fort area in South Mumbai to the Eastern Express Highway at Ghatkopar. This 17 km long, access controlled Freeway reduces the travel time considerably making an important change in lifestyle of commuters to the mainland area from the Southern tip of the peninsula that forms the City.</p>\r\n<p>\r\n	The road link has been built by Mumbai Metropolitan Region Development Authority with partial funding from the Central Government through the JNNURM scheme. The Freeway has 11.5 km Elevated Road and 4.3 km Road-Tunnel.</p>\r\n<p>\r\n	STUP&rsquo;s responsibility included detailed engineering services for the 11.5 km long 4 lanes elevated road section linking Princes Dock area and Anik Bus depot in Wadala. Four exit and entry ramps also form part of the assignment.</p>\r\n<p>\r\n	Built on areas having multiple underground utilities, the support location had to be adjusted to suit the site requirements Superstructure spans varied from 30 to 45 m, built with prestressed concrete segmental box girders installed with launching girders. The foundation construction was with piles and the sub-structure in reinforced concrete. The main challenge was to align all elements of the structure to suit the geometric configurations of this high speed freeway and to design the same.</p>', '14219290130.jpg', 'detailed-engineering-design-services-for-design-and-construction-of-eastern-freeway-in-mumbai', '2015-01-22 17:46:53', NULL, '1', '', '', '', 0),
(47, 5, 'P.V.N.R. Elevated Corridor at Hyderabad (11.67 km) Long.', '<p>\r\n	This Elevated Expressway of 11.67 km length which connects the central business district of the city with NH 7 includes a trumpet interchange for the approach road to the International Airport, and was the longest in India at its time of construction. The length comprises a viaduct section of 11.4 km, a toll plaza section of 393 m, and 200 m length of ramps of the main flyover. The width of the carriageway is 17.2 m</p>\r\n<p>\r\n	The project basically comprises of a) Construction of 4 lane divided carriageway with median of 1.2 m from Sarojini Eye Hospital, Mehedipatnam to Aramgarh junction on NH-7 (along ring road) along with main / intermediate ramps and underpass at Aramgarh junction b) Construction of Trumpet interchangeon NH-7 for the approach road to the International Airport and c) Strengthening, widening of Inner Ring Road (from Rethibowli junction to Aramgarh junction from 4- lane to 6- lane</p>\r\n<p>\r\n	Work &nbsp; scope as Constructor&rsquo;s Consultant including detailed design and drawings, construction scheme and analysis, electrification and illumination drawings, Bill of Quantities and As-built Drawings.&nbsp;</p>\r\n<p>\r\n	Simply supported post-tensioned box girders were used, with length of span being optimized at 35 m centre of piers except where otherwise needed from obligatory conditions. Expansion joints were provided at 140 m intervals. </p>\r\n<p>\r\n	Segmental construction was adopted, the segments being match cast in yards, transported, assembled on a launching girder, stressed for joining together spans. This saved interference with traffic and therefore construction time. The work was completed in three years.</p>', '14219290720.jpg', 'p-v-n-r-elevated-corridor-at-hyderabad-(11-67-km)-long', '2015-01-22 17:47:52', NULL, '1', '', '', '', 0),
(48, 6, 'Cable Stayed Bridge across river Mapusa at Aldona, Goa, India', '<p>\r\n	It is a 235 m long, 2 lane cable stayed bridge with main span 105m and single pylon of 34 m height (from deck) designed for class 70 R loading with fatigue, seismic and aerodynamic effects. &nbsp;The anchor span of 80m to the main span has been provided and one approach span of 25 m with PSC girders has been constructed. The pylons are in concrete and the stiffening girder is composite with Steel I &ndash; girders and concrete deck. The pylon below the deck is formed into an &ldquo;A&rdquo; frame for better stability and supported on a pile foundation. The bridge was commissioned in 2004 for public use.</p>\r\n', '14219293370.jpg', 'cable-stayed-bridge-across-river-mapusa-at-aldona-goa-india', '2015-01-22 17:52:17', NULL, '1', '', '', '', 0),
(49, 6, 'Third Karnaphuli Bridge over river Karnaphuli between Chittangong and Cox Bazar, Bangladesh', '<p>\r\n	The Third Karnaphuli Bridge Project on National Highway No.-1 connecting Chittangong to Cox Bazar being constructed with the assistance of Kuwait Fund Loan No. 704, 50m up stream of existing Shah Amanat Shah Steel Bridge.</p>\r\n<p>\r\n	The main bridge with viaduct of 950 m in length is constructed as a multi-span extradosed concrete precast segmental superstructure of span 200mhaving 2way 6 lanes carriageway with a central median and 1.5 m wide pedestrian footpaths on each side - thus total width of the deck will be 24.4 m. The bridge had to be constructed to a curve in plan and in vertical profile.</p>\r\n<p>\r\n	The other related works involve: River Training Works, including bank protection, Toll Plaza, Control Building, minor drainage structures etc. An approach length 1450 m and service road of 2500m, a computerized toll collection system and related electrical and mechanical works are also included.</p>', '14219294580.jpg', 'third-karnaphuli-bridge-over-river-karnaphuli-between-chittangong-and-cox-bazar-bangladesh', '2015-01-22 17:54:18', NULL, '1', '', '', '', 0);
INSERT INTO `tbl_projects` (`project_id`, `sector_id`, `title`, `description`, `image`, `slug`, `created_date`, `updated_date`, `status`, `url`, `meta_description`, `meta_keyword`, `project_position`) VALUES
(50, 6, 'Second Vivekananda Bridge (Nivedita Setu) Tollway Project Kolkata, West Bengal, India - Independent Consultancy (IC) Services', '<p>\r\n	This tollway project is envisaged as a 6.1 km long network comprising of 6 lane Extradosed Cable Stayed Bridge (main bridge length - 880m) and approach roadways (Kolkata side approach is 1.55km and &nbsp;Dankuni side approach is 3.66km consisting of viaduct structure as well as high embankments). The main bridge has 7 nos. spans each of 110 m and two 55 m end spans with width of 31m. This is a multi-span Extradosed Bridge, a hybrid structure combining elements of cable stayed and post tensioned segmental single-cell box girders of precast concrete. The special features of this Extradosed Bridge is that it has been designed with central suspended system having cables extending from both sides of the pylons and connected to the deck. Cast-in-place piers rest on well foundations in the form of circular caissons. 11 m diameter and average 45 m deep. In addition, a number of underpasses &amp; ROBs will be constructed along the approach roads.</p>\r\n', '14219295110.jpg', 'second-vivekananda-bridge-(nivedita-setu)-tollway-project-kolkata-west-bengal-india-independent-consultancy-(ic)-services', '2015-01-22 17:55:11', NULL, '1', '', '', '', 0),
(51, 6, 'Bridge over River Yamuna at Kalpi, India', '<p>\r\n	The 767 m long bridge across the river Yamuna at Kalpi has 85 m in-situ cantilever constructed spans pinned at their centers. &nbsp;In order not to detract from the graceful form of the spans which are 2.0 m deep at the center and 6.0 m deep at the supports, a light parapet was developed and precast to obtain a good finish and alignment.</p>\r\n<p>\r\n	The cantilever bridge required hollow rectangular piers; in addition, hollow triangular cut and ease waters were provided in view of the high flood velocities.&nbsp;</p>\r\n<p>\r\n	The resulting elongated hexagonal pier section was made to fuse gently at the top into the rectangular section, a departure from the conventional approach of making an abrupt and discordant change in pier section at high flood level. Consequently, the deck and piers also fuse gracefully.&nbsp;</p>', '14219295640.jpg', 'bridge-over-river-yamuna-at-kalpi-india', '2015-01-22 17:56:04', NULL, '1', '', '', '', 0),
(52, 6, 'Second Thane Creek Bridge, Mumbai, India', '<p>\r\n	In order to meet the future traffic demands on the link between Navi Mumbai and the mainland, a second bridge, 1845 m long is constructed across the Thane Creek. &nbsp;The bridge superstructure consists of two independent decks, each with a 3 lane carriage-way. &nbsp;</p>\r\n<p>\r\n	To meet the hydraulic and navigation requirements the piers of the bridge are aligned with piers of existing road and Rail Bridge. &nbsp;This results in a span arrangement with a combination of 53.5 m and 107 m spans. &nbsp;A typical continuous unit is 321 m overall length with span arrangement of (53.5+2 x 107+53.5) m</p>\r\n<p>\r\n	To ensure durability under the severe aggressive environment, extensive treatment was given to components of superstructure as well as substructure. &nbsp;Open foundations in standing water, up to 9m depth, are provided at all the locations except abutment on Mumbai side which is a well (caisson) foundation.</p>\r\n<p>\r\n	A novel cofferdam was in precast R.C.C. for the depth of clay at the bottom and was left behind after use. The upper hollow steel portion was recovered and was reused. &nbsp;</p>\r\n<p>\r\n	Sinking was carried out up to rock level by grabs excavating the marine clay within the cofferdam.</p>\r\n<p>\r\n	The foundation was keyed with hard rock by a downward projection in RCC from the shallow bottom plug.</p>\r\n<p>\r\n	No explosives could be used for excavation in rock required for seating the foundation of the New Bridge, because the old bridge was in service during construction of the new one. &nbsp;Excavation in Rock was done by Pneumatic Chisels.</p>', '14219296240.jpg', 'second-thane-creek-bridge-mumbai-india', '2015-01-22 17:57:04', NULL, '1', '', '', '', 0),
(56, 6, 'Park Street flyover, Kolkata', '<p>\r\n	Length of the flyover is 795M including 97M approach on each side. It consists of single carriageway of 2 lanes. &nbsp;The Flyover comprises of 17 spans each 25M long + 2 spans each 48M long with box girders and one span 39M long in mid-span also with box girder. Foundation consists of 1000 mm dia RCC bored pile of average length 38M from the cut off level. Each pile is designed to carry 300 MT load, five piles on average from a pile cap over which steel pier with cross heads and I-girders are arranged to support a 300 mm (avg.) thick RCC deck slab. &nbsp;The Flyover is constructed over the busiest city road after relocating dry and wet utilities in addition to relocation of one Metro Airshaft Building, one Metro Exit Structure and one Metro Cover Slab exist within the ROW of the flyover. A diversion road of 1350 meters was constructed to accommodate the flyover.</p>\r\n', '14219301520.jpg', 'park-street-flyover-kolkata', '2015-01-22 18:05:52', NULL, '1', '', '', '', 0),
(55, 6, 'Motorable Suspension Bridge over river Lohit connecting Chequenty and Hawai', '<p>\r\n	<span lang="EN-US" style="font-size:12.0pt;line-height:\r\n115%;font-family:&quot;Times New Roman&quot;,&quot;serif&quot;;mso-fareast-font-family:&quot;Times New Roman&quot;;\r\nmso-font-kerning:12.0pt;mso-ansi-language:EN-US;mso-fareast-language:EN-US;\r\nmso-bidi-language:AR-SA;mso-bidi-font-weight:bold">The single lane road suspension bridge over river Lohit is connecting Chequenty and Hawai town at Tezu district. The main suspension span of the bridge is 156.4 m and there are three nos. shore spans of 20m each at Hawai end. The bridge consists of steel suspension system with steel truss deck and steel towers supported on RCC foundations, RCC anchorage block, Return wall etc. The locations of the bridge are mountainous and rocky with fast flowing rivers. The scope of work included study of all data related to sub-soil investigation reports, hydraulic and geological data, selection of bridge type, detailed design and execution drawings, bill of quantities and cost estimates, inspection of fabrication etc.</span></p>\r\n', '14219300850.jpg', 'motorable-suspension-bridge-over-river-lohit-connecting-chequenty-and-hawai', '2015-01-22 18:04:45', NULL, '1', '', '', '', 0),
(57, 6, 'Benninganahalli Flyover, Bangalore', '<p>\r\n	This grade separator crosses the NH4 along the Outer RingRoad and has 3 approaches. The superstructure consists of two carriageways, of cast-in-situ continuous, RCC girder and slab type construction. Prestressed concrete box girders are provided for the Road Over Bridge portion and for the obligatory spans. A number of viaducts are provided with trestle type piers which are supported over pile foundations.</p>\r\n', '14219302410.jpg', 'benninganahalli-flyover-bangalore', '2015-01-22 18:07:21', NULL, '1', '', '', '', 0),
(58, 6, 'Hebbal Flyover, Bangalore', '<p>\r\n	India&#39;s longest flyover designed to decongest traffic at the junction of NH-7 and the recently completed Outer Ring Road. The looped grade separator designed by us allows for substantial decongestion which considerably alleviates the traffic problem as required by the Bangalore Development Authority, especially in view of the present traffic load flowing out of NH-7and the new Outer Ring Road, and also caters for future load likely to arise from the expected commissioning of Bangalore International Airport.</p>\r\n', '14219303420.jpg', 'hebbal-flyover-bangalore', '2015-01-22 18:09:02', NULL, '1', '', '', '', 0),
(59, 6, 'Kathipara Flyover, Chennai', '<p>\r\n	&nbsp;NHAI along with the State Government of Tamil Nadu programmed to develop access to the Golden Quadrilateral (GQ) Corridor by providing free flow facilities in highly trafficked areas in Chennai. &nbsp;Pursuant to the above, the Tamil Nadu Road Development Company Limited (TNRDC) has initiated proposals to alleviate the traffic congestion at Kathipara Junction, entry and Exit Points of Chennai Airport on NH-45, NH-4 &ndash; IRR Junction at Koyambedu and at NH-205 &ndash; IRR Junction at Padi.</p>\r\n<p>\r\n	The Kathipara Flyover involves design and construction of a clover leaf Interchange at the busy Kathipara intersection in the heart of Chennai city. The structural portion involves 600 m long dual 12.0 m wide decks for the main viaduct spans connecting the Inner Ring Road to the Airport. Four loops of approx. 200 m length each will connect to the main viaduct from the Guindy - Poonamallee Road. All the structural spans are resting on aesthetically shaped piers founded on open footings at 3 to 4 m depth. The total structural area of the grade separator is 16,750 sqm. Voided slab superstructure in PSC &amp; RCC have been adopted.</p>', '14219304110.jpg', 'kathipara-flyover-chennai', '2015-01-22 18:10:11', NULL, '1', '', '', '', 0),
(62, 3, 'NATURAL  DRAUGHT  COOLING  TOWERS for POWER PLANT (2X600MW) AT  KALISINDH  THERMAL POWER STATION', '<p>\r\n	The total height of the tower is 202m with basin diameter of 149.35m. The NDCT consists of a hyperbolic RCC shell that is supported on 60 pairs of RCC diagonal columns. The towers are in a high wind velocity &nbsp;(47m/s) &nbsp;zone &nbsp;making &nbsp;the design complex. For NDCTs it is more important to control the thickness of the shell to keep the quantities and the weight of the tower under control. The thickness &nbsp;to volume ratio in these towers is 0.003 which is comparable to an egg shell. An Aero Elastic &nbsp;Model &nbsp;was tested in a wind tunnel &nbsp;to confirm the design stresses. &nbsp;&nbsp;</p>\r\n<p>\r\n	These natural draught cooling towers are the tallest in the world.</p>', '14219310180.jpg', 'natural-draught-cooling-towers-for-power-plant-(2x600mw)-at-kalisindh-thermal-power-station', '2015-01-22 18:20:18', NULL, '1', '', '', '', 0),
(63, 3, 'SIMHADRI COOLING TOWERS for POWER PLANT (2X500MW)', '<p class="BasicParagraph">\r\n	<span class="A3"><span lang="EN-GB" style="font-size:11.0pt;font-family:&quot;Cambria&quot;,&quot;serif&quot;;mso-bidi-font-family:\r\nArial">A separate cooling tower of 165 m height has been provided for each 500 MW power plant. The cooling capacity of the tower is 60,000 cu m/hr of sea water to be cooled from 43<sup>0</sup>C to 32<sup>0</sup>C at 27.8<sup>0</sup> C ambient wet bulb temperature &amp; 60% relative humidity.&nbsp;<br />\r\n	<br />\r\n	</span></span><span style="font-family: Cambria, serif; font-size: 11pt;">The Simhadri Cooling Towers were the tallest towers in Asia in 2000.</span></p>\r\n', '14219310900.jpg', 'simhadri-cooling-towers-for-power-plant-(2x500mw)', '2015-01-22 18:21:30', NULL, '1', '', '', '', 0),
(64, 3, 'RCC PYLONS FOR THERMAL POWER PLANT (2 X 210 MW) AT VIJAYAWADA', '<p>\r\n	Two sets of four RCC Pylons, interconnected at the top by structural steel crown girders are used to support the two 8500 MT boilers for the thermal power plant. The four 67m high pylons rest on well foundations and are slipformed together for the entire height to maintain proper alignment. The RCC pylons reduce lateral deflections due to wind and earthquake. The steel crown girders having a total weight of 575 MT per unit are erected using an erection tower with a lifting system of interconnected hydraulic jacks and prestressing strands acting as suspenders.</p>\r\n', '14219311480.jpg', 'rcc-pylons-for-thermal-power-plant-(2-x-210-mw)-at-vijayawada', '2015-01-22 18:22:28', NULL, '1', '', '', '', 0),
(65, 3, 'DUL HASTI HYDROELECTRIC POWER PROJECT (3 X 130MW), JAMMU AND KASHMIR', '<p>\r\n	This hydro-electric power project consists of a diversion dam at &lsquo;Dul&rsquo; across the river Chenab and a Power House at &lsquo;Hasti&rsquo;. The concrete gravity dam of 185 m length and 65 m height has an ungated spillway of 40 m length and a gated spillway of 64 m length with four radial gates. The dam has four orifices designed for 8000 cumecs of discharge. Two intake tunnels originate from the intake tower located 150 m upstream of the dam, and lead to desilting basins. The 10.6 km long headrace tunnel with a drop of 235 m carries the water to the underground power house. The underground powerhouse accommodates 3 sets of Francis Turbines each coupled to a 130 MW generator.</p>\r\n', '14219312360.jpg', 'dul-hasti-hydroelectric-power-project-(3-x-130mw)-jammu-and-kashmir', '2015-01-22 18:23:56', NULL, '1', '', '', '', 0),
(66, 3, 'INDIRA SAGAR DAM, IRRIGATION AND HYDRO-ELECTRIC PROJECT, MADHYA PRADESH', '<p>\r\n	The Narmada Hydroelectric Development Corporation Limited ( joint venture of the National Hydroelectric Power Corporation and the Govt. of Madhya Pradesh) constructed the Indira Sagar Dam on the river Narmada. It is a concrete gravity dam, 653 m in length, with a maximum height of 92 m. The spillway portion of the dam consists of twenty, 20 m wide gated spillways with 21 piers. The spillway gates are of the sector type, and are lifted hydraulically. The gates are 20 m wide 17 m in height, and extend from pier to pier. Each pier is 5 m in width. Prestressed replaceable anchors are provided for the spillway gates.</p>\r\n', '14219313020.jpg', 'indira-sagar-dam-irrigation-and-hydro-electric-project-madhya-pradesh', '2015-01-22 18:25:02', NULL, '1', '', '', '', 0),
(67, 3, '275 m Tall Triple Steel Flue RC Chimney for 6 x 600 MW Sasan Ultra Mega Power Project, Madhya Pradesh  ', '<p>\r\n	Two numbers of 275 m tall triple steel flue RC chimneys with diameter Varying from 24 m on top and 36.7m at base and founded on annular raft are under construction at Sasan, India, for 4000MW Thermal Power Station.</p>\r\n<p>\r\n	Each chimney is designed to house three steel flues, each flue serving one of the three 660MW units. Chimney shell is designed for basic wind speed of 150 kmph. In order to reduce the effects of across wind loads fundamental frequency of the chimney shell is lowered by gradually increasing the thickness of shell in top portion. For seismic design, Chimney is located in Zone-III as per zoning given by IS:1893-2001, which is characterised by Maximum Considered Earthquake (MCE) ground acceleration of 0.16 g.</p>\r\n<p>\r\n	Each of the steel flue has inside diameter of 7.1 m. Steel flues are &lsquo;hung type&rsquo;and are suspended in segments from five intermediate platforms spaced 45m apart. Expansion compensators are provided at bottom of each flue segment to allow relative thermal movements between the steel flue and RC shell. The lateral restraints to ensure consistent deformations and transfer horizontal forces arising from wind and earthquake are provided at these platform levels. For achieving comfortable working conditions within the annular space between chimney and flues, temperature of air in this space is maintained below 450C.</p>', '14219313590.jpg', '275-m-tall-triple-steel-flue-rc-chimney-for-6-x-600-mw-sasan-ultra-mega-power-project-madhya-pradesh', '2015-01-22 18:25:59', '2015-01-22 18:27:00', '1', '', '', '', 0),
(68, 3, 'IDCTs at Ramagundam STPP (1 x 500 MW) ', '<p>\r\n	&bull; 2nos of IDCTs with counterflow configuration are provided for unit-7 (1x500MW) at Ramagundam TPS of NTPC.</p>\r\n<p>\r\n	&bull; STUP provided Detailed Engineering to the contractor</p>\r\n<p>\r\n	&bull; Each cooling tower is designed for water flow of 30,000m3/hr.</p>\r\n<p>\r\n	&bull; No. of cells are 14 working + 2 standby in back to back arrangement.</p>\r\n<p>\r\n	The total tower dimensions are 30.3 m x 127.3 m.</p>\r\n<p>\r\n	&bull; Fill used &ndash; PP Grid &ndash; first time in India</p>\r\n<p>\r\n	&bull; Commissioned in year 2004 and tested successfully.</p>', '14219314690.jpg', 'idcts-at-ramagundam-stpp-(1-x-500-mw)', '2015-01-22 18:27:49', NULL, '1', '', '', '', 0),
(69, 3, 'Water intake, transportation and other allied structures for Bakreswar Thermal Power Project (3 x 210 MW) of WBPDCL in West Bengal.', '<p>\r\n	The scope comprises design of 2.6 km water intake / transportation system, DM Plant, Clarified Water PH, Filter House, Filter Water PH, Filtration Bed, and pipe lines and pipe galleries</p>\r\n', '14219315400.jpg', 'water-intake-transportation-and-other-allied-structures-for-bakreswar-thermal-power-project-(3-x-210-mw)-of-wbpdcl-in-west-bengal', '2015-01-22 18:29:00', NULL, '1', '', '', '', 0),
(70, 8, 'Azimganj - Bhagirathi Bridge (Eastern Railways)', '<p>\r\n	Eastern Railway, India, proposed to connect the two railway stations at opposite side of river Hooghly, namely Murshidabad station and Azimganj station at 7.5 km apart by a new MBG single track line. The preliminary survey was undertaken by Eastern Railways in the year 2002. The project included &nbsp;construction &nbsp;of the 7.5km railway track including the 330 m long bridge across river Bhagirathi .</p>\r\n', '14219319590.jpg', 'azimganj-bhagirathi-bridge-(eastern-railways)', '2015-01-22 18:35:59', NULL, '1', '', '', '', 0),
(71, 8, 'Jogighopa Rail cum Road Bridge over River Brahmaputra, Assam', '<p>\r\n	The North-East Frontier Railways, in association with the Public Works Department of Assam, constructed the third bridge across the river Brahmaputra at Jogighopa. The bridge connects NH-31 and NH-37 forming a very important link between the north-east and the rest of India. The project consists of the construction of 13km of rail-cum-road and a 2.27 km long two tier steel bridge excluding approach viaducts. The span configuration of steel bridge portion is 19x120 m + 1x90m.</p>\r\n', '14219320000.jpg', 'jogighopa-rail-cum-road-bridge-over-river-brahmaputra-assam', '2015-01-22 18:36:40', NULL, '1', '', '', '', 0),
(72, 8, 'Railway Bridge over Vasai Creek, Maharashtra', '<p>\r\n	This bridge is 4km long with spans of 48.5m, each weighing 750 t.They are precast, shifted &amp; launched into position using entirely hand operated equipment and a simple barge. This was among the first examples of such large precast spans being used to construct a bridge for the Indian Railways.</p>\r\n<p>\r\n	Since the earlier bridge had corroded, special precautions have been taken in constructing the new bridge. Entire spans were totally precast on the shore, to achieve very high quality of construction.Thereafter the spans were lifted on to a specially designed barge by using the rising tide, were towed 3.5km to site and lowered in position using the falling tide.&nbsp;</p>\r\n<p>\r\n	The construction equipment engineered for the bridge was economical and suitable for use by a developing country contractor.</p>', '14219321090.jpg', 'railway-bridge-over-vasai-creek-maharashtra', '2015-01-22 18:38:29', NULL, '1', '', '', '', 0),
(73, 8, 'Electrified Double Track Railway Project from Rawang to Ipoh in Malaysia', '<p>\r\n	The stretch of assignment - Electrified Double Track Railway Project from Rawang to Ipoh is 180 km.</p>\r\n<p>\r\n	The project comprises audit of the railway alignment design &amp; drawing for the 110 km stretch from Rawang to Bidor based of an Permanent way manual &amp; technical specification (Statement Of Needs, SON) for Electrified Double Track and design speed of 160 km/ hr.</p>\r\n<p>\r\n	SCL was involved in carrying out audit of alignment design report, audit of vertical &amp; horizontal alignment for 110 km electrified metre gauge double track rail having design speed of 160 km/ hr, audit of location and hydraulic levels of all railway bridges, audit of yard schematics, scaled yard drawings and coordinates of salient points of turn outs, vertical &amp; horizontal clearances of road bridges and preparation of report on technical &amp; safety deficiencies</p>', '14219322080.jpg', 'electrified-double-track-railway-project-from-rawang-to-ipoh-in-malaysia', '2015-01-22 18:40:08', NULL, '1', '', '', '', 0),
(74, 8, 'Rail-cum-Road bridge over river Damodar at Mejia in West Bengal', '<p>\r\n	Damodar Valley Corporation (DVC) transports coal by rail to their thermal power plant in Mejia through a captive railway system. The line carries 7000 tonnes of coal daily to meet the requirement of the 630 MW plant. This line crosses river Damodar near Raniganj. The bridge carries a 2-lane road of NH Standards and a B.G. railway track. The span arrangement is 15 x 48.5 M + 2 x 33 M (steel truss). The overall length of the bridge is 850m.&nbsp;</p>\r\n', '14219322740.jpg', 'rail-cum-road-bridge-over-river-damodar-at-mejia-in-west-bengal', '2015-01-22 18:41:14', NULL, '1', '', '', '', 0),
(75, 8, 'Second Bhairav & Titas Railway Bridges, Bangladesh', '<p>\r\n	Bangladesh Railway is in the process of upgrading its existing Dhaka-Chittagong Corridor by providing double track for unhindered to and fro train services especially goods traffic. The assignment involves proposed construction of the 2 bridges over River Bhairav&amp;Titas along with completion of 2 sections of 6.25 km of railway track. The length of 2nd Bhairav Bridge and Titas bridges are 982m and 230m respectively. Double track between Bhairav Bazar &ndash; Ashuganj (4 km) and Akhaura Block hut &ndash; Akhaura Junction (2.25 km) will implement double tracking of Dhaka &ndash; Chittagong corridor.</p>\r\n<p>\r\n	Associated components of the assignment includes design of bridges, embankments, laying of MG Track with future conversion to BG, culverts, railway stations with buildings, platforms, railway yards, signalling and telecommunication.</p>', '14219323531.jpg', 'second-bhairav-and-titas-railway-bridges-bangladesh', '2015-01-22 18:42:33', NULL, '1', '', '', '', 0),
(76, 8, 'Kalinadi Bridge at Karwar on Konkan Railway', '<p>\r\n	This prestressed concrete bridge is 1400m long and is one of the major bridges on the Konkan Railway route.</p>\r\n<p>\r\n	The bridge has 42 spans supported by 30m long box girders resting on 2 nos.,1.5m diameter, twin circular piers and 4 nos., 1m diameter cast in situ piles.</p>\r\n<p>\r\n	One of the special features of this project was the precasting of the full box in a single pour (125 cu m concrete). In addition, the box girders were completely precast and grouted in the casting yard and launched using an 80m long steel launching girder.</p>', '14219324430.jpg', 'kalinadi-bridge-at-karwar-on-konkan-railway', '2015-01-22 18:44:03', NULL, '1', '', '', '', 0),
(77, 8, 'Aroor Kumbalam Bridges, Kerala', '<p>\r\n	The bridge across Aroor has 29 spans each of 32.6m between centerlines of piers.The bridge across Nettoor- Kumbalam Backwater as well as the one across Nettoor-Champakara Backwater has only 4 spans. The details of all the spans are kept similar in order to minimise the cost. All spans have single box girders of a section 2.15m by 2.8m. The girders are matchcast in 7 segments in a precasting yard, transported by barges to the location, assembled on a supporting truss and epoxy interfaced before being prestressed.&nbsp;</p>\r\n<p>\r\n	This is the first railway project where prestressed concrete bridges are constructed using the segmental construction method. The project has presented many interesting problems in casting the precast segments, transporting them on a pontoon, towing the pontoon to the bridge site, lifting the segments up by a gantry crane and assembling them in their final position.</p>', '14219325350.jpg', 'aroor-kumbalam-bridges-kerala', '2015-01-22 18:45:35', NULL, '1', '', '', '', 0),
(78, 8, 'Wheel and Axle Plant, Bangalore', '<p>\r\n	Plant for the Railways at Bangalore is one of the largest automated industrial plants in South Asia with an annual output of 70,000 wheels and 23,000 axles Area of 120 hectares with a floor area of 85,000 sqm Advanced design has minimized costs and energy utilization, yet achieved striking aesthetics Main wheel and axle shop is 51,500sqm with a roof constituted of 12m span precast folded plate shell elements resting on 30m span precast prestressed tied arch girders of 45 tons each</p>\r\n', '14219326092.jpg', 'wheel-and-axle-plant-bangalore', '2015-01-22 18:46:49', NULL, '1', '', '', '', 0),
(79, 8, 'Santragachi Railway Station', '<p>\r\n	Southeastern Railway with its headquarters in Kolkata has been using Howrah Station of the Eastern Railway, as terminus for its trains serving the south eastern areas of India. Howrah station is becoming very crowded due to the increase in the number of trains and SERly have been planning a terminus of its own. Since a Greenfield station is out of the question due to the land requirements, SE Rly have decided to develop Santragachi one of the way side stations in the South Eastern main line as a terminus.</p>\r\n<p>\r\n	The existing station has six platforms and a ticketing office. It has no road connections either. The developments will include a new station building (ground plus three floors) planned with concrete filled steel columns, parking areas for public and staff vehicles and two wheelers, road connections with nearby Kona Expressway at two levels, 6 km water line for supplying water to the new station from Shalimar, two new high level water tanks of 300,000 gallons with an underground tank of 1,000,000 gallons, escalators, improvements to platforms, passenger escalators, two 12 m wide foot over bridges with connections all platforms, The building would house all the offices for a terminal building. Two additional platforms are also likely to be included in the development.</p>', '14219326760.jpg', 'santragachi-railway-station', '2015-01-22 18:47:56', NULL, '1', '', '', '', 0),
(80, 7, 'Elevated Viaduct- 5.225kms.and Five Elevated Stations  Inderlok Mundka corridor of Delhi MRTS', '<p>\r\n	The Inderlok &ndash;Mundka corridor of Delhi MRTS is an elevated viaduct of length 5.225km with five elevated stations. There are as many as 148 spans of different lengths arranged all through the viaduct with the span length ranging from 16m to 37m. Also there is a 75m long continuous span placed over an existing railway track alongwith two side spans of length 62m.The superstructure system in the viaduct is of prescastprestressed type. The piers supporting the superstructures are either circular or elliptical and owning to the eccentricity of the centre line of alignment with the centre line of piers, the piers are categorized as concentric, cantilever and portal piers.</p>\r\n<p>\r\n	The five elevated stations are located at Inderlok, Ashok Park, Punjabi Bagh East, Shivaji Park and Madipur. At each station there are two floor levels, namely the Concourse level and the Platform level. The spans placed side by side to the platforms are RC cast &ndash;in-situ whereas the ones placed on either sides of the RC cast-in-situ spans are Precast.The columns supporting the structure are circular, rectangular or half elliptical. The foundation adopted is pile foundation type and piles used are either of diameters 0.8m or 1.2m</p>\r\n<p>\r\n	Owner : Delhi Metro Rail Corporation</p>', '14219459733.jpg', 'elevated-viaduct-5-225kms-and-five-elevated-stations-inderlok-mundka-corridor-of-delhi-mrts', '2015-01-22 22:29:33', NULL, '1', '', '', '', 0),
(82, 7, 'Viaduct Portion of Stretch Adjacent to Sultanpur Station to QutabMinar', '<p class="STUPMetro">\r\n	The QutubMinar &ndash; Gurgaon corridor of Delhi MRTS has an elevated viaduct of length 0.883km near Sultanpur Station for supporting multiple tracks of Broad Gauge Coridor. There are as many as 32 spans of different lengths arranged all through the viaduct with the span length ranging from 16m to 24m.</p>\r\n<p class="STUPMetro">\r\n	The superstructure system in the viaduct is of precast girder with cast in situ slab. The girders are supported on portals and piers depending upon the location and number of tracks. The piers of superstructures are either circular or elliptical and owing to the eccentricity of the centre line of alignment with the centre line of piers, the piers are categorized as concentric, cantilever and portal piers. The type of foundation adopted in viaduct portion is pile foundation with pile diameter fixed to 1.0m.</p>\r\n<p class="STUPMetro">\r\n	Owner : Delhi Metro Rail Corporation</p>', '14219462190.jpg', 'viaduct-portion-of-stretch-adjacent-to-sultanpur-station-to-qutabminar', '2015-01-22 22:33:39', NULL, '1', '', '', '', 0),
(83, 7, 'Elevated Viaduct- 6.679kms and One Elevated Stations  Central Secretariat - Badarpur corridor of Delhi MRTS', '<p>\r\n	The Central Secretariat - Badarpur corridor of Delhi MRTS is an elevated viaduct of length 6.679km with one elevated station at SaritaVihar and Entry &amp; Exit connection to SaritaVihar Depot. There are as many as 188 spans of different lengths arranged all through the viaduct with the span length ranging from 19m to 37m.</p>\r\n<p>\r\n	The superstructure system in the viaduct is of prescastprestressed type and cast-in-situ prestressed types at depot. The piers supporting the superstructures are either circular or elliptical and owning to the eccentricity of the centre line of alignment with the centre line of piers, the piers are categorized as concentric, cantilever and portal piers. The maximum eccentricity is constrained to 2m for cantilever piers. The type of foundation adopted in viaduct portion is pile foundation (Bored cast-in-situ piles of diameter 1000) and open foundation.</p>\r\n<p>\r\n	The elevated station is located at SaritaVihar. At this station there are two floor levels, namely the Concourse level and the Platform level. The spans are RCC cast &ndash;in-situ. The columns supporting the structure are circular, rectangular or half elliptical. The foundation adopted is open foundation type.</p>\r\n<p>\r\n	Owner : Delhi Metro Rail Corporation</p>', '14219463080.679 km.jpg', 'elevated-viaduct-6-679kms-and-one-elevated-stations-central-secretariat-badarpur-corridor-of-delhi-mrts', '2015-01-22 22:35:08', NULL, '1', '', '', '', 0),
(84, 7, 'IGI Station Delhi Metro', '<p class="STUPMetro">\r\n	The IGI Airport Station &ndash; It is a 240m long and 36 m wide underground metro railway station building connecting the international airport at New Delhi. The building has total height of 16m constructed 2 m below ground level. There are two different working floors - platform level above base slab and concourse floor level above platform. The construction work proceeded from top. The two side walls of the station are constructed as diaphragm wall of 1m thickness which goes 26m below ground level leaving coupler bars in the wall at the appropriate locations for the construction of slabs. The successive levels of the slabs are constructed gradually from top by excavating downwards. Intermediate columns along transverse direction are constructed as piles at the time of construction of diaphragm wall and are built at later stage after completion of the casting of the slabs. Additional temporary piles in between permanent piles in longitudinal direction are constructed to carry the construction stage loading and are removed after the construction of base slab. The tunnel connecting the station building is about 2000m long and the top of tunnel from ground varies from 2m to 12m. At lower depth the tunnel is constructed as open cut and at higher depth top down method of construction is followed similar to the construction of station. Configuration of tunnels include single cell, double cell and triple cell box.<o:p></o:p></p>\r\n<p class="STUPMetro">\r\n	<o:p>&nbsp;</o:p>Owner : Delhi Metro Rail Corpoiation</p>\r\n<p class="STUPMetro">\r\n	<o:p></o:p></p>\r\n', '14219464013.jpg', 'igi-station-delhi-metro', '2015-01-22 22:36:41', NULL, '1', '', '', '', 0),
(85, 7, 'Elevated Viaduct and QutubMinar Elevated Station on Central Secretariat  QutubMinar corridor of Delhi MRTS', '<p>\r\n	The Central Secretariat &ndash; QutubMinar corridor of Delhi MRTS is an elevated viaduct of length 0.856km with elevated ramp of 40m length and one elevated stations (QutubMinar station). There are as many as 30 spans of different lengths arranged all through the viaduct with the span length ranging from 17m to 25m.</p>\r\n<p>\r\n	The superstructure system in the viaduct is of single track, double track and three track(Obligatory spans) cast in situ voided slab. The voided slabs are supported on portals. The piers of superstructures are either circular or elliptical. The type of foundation adopted in viaduct portion is pile foundation with pile diameter fixed to 1.0m.</p>\r\n<p>\r\n	The elevated stations QutubMinar station consist of Concourse level and the Platform level. The track is supported on beam &amp; slab arrangement The spans placed on both side of concourse level at platform level are RCC beam &amp; slab arrangement. The columns supporting the structure are circular, rectangular or half elliptical . The foundation adopted is open foundation.</p>\r\n<p>\r\n	Owner : Delhi Metro Rail Corporation</p>', '14219465224.jpg', 'elevated-viaduct-and-qutubminar-elevated-station-on-central-secretariat-qutubminar-corridor-of-delhi-mrts', '2015-01-22 22:38:42', NULL, '1', '', '', '', 0),
(86, 7, 'Design and Construction of Underground Section from Central Station to SubhasSarobar and Three Underground Stations', '<p>\r\n	There are three underground stations namely PhoolBagan Station, Sealdah Station and Central Station along with an underground cross over near Sealdah. The construction methodology as adopted for all the underground stations including Sealdah cross over is top down construction. Stations are generally 220m long and width is around 26m except for the Sealdah Station where width of the station is 44m. Either ends of all the stations are planned for launching / retrieving of Tunnel Boring Machine (TBM) and accordingly special construction design has been followed for these shafts. Diaphragm walls are being used for retaining the earth and steel plunge columns are used for the purpose of supporting roof and concourse slab during top down construction. Diaphragm walls and slabs are integrated with coupler joints.</p>\r\n<p>\r\n	Owner : Kolkata Metro Rail Corporation</p>', '14219466310.jpg', 'design-and-construction-of-underground-section-from-central-station-to-subhassarobar-and-three-underground-stations', '2015-01-22 22:40:31', NULL, '1', '', '', '', 0),
(87, 7, 'Elevated Viaduct Between Baiyappanahalli to MG Road in Reach R1', '<p>\r\n	This corridor is an elevated viaduct with a length of 6400m running between Baiyappanahalli station and MG Road station. There are 6 stations in this stretch namely Baiyappanahalli, Swamyvivekanantha, Indira Nagar, Ulsoor, Brigade road and MG Road stations. The main viaduct contains two tracks and having 209 piers. The obligatory junctions are at trinity circle and brigade road junctions. The alignment is straight and in curves where the alignment changes the direction.</p>\r\n<p>\r\n	The foundation for the majority of the piers in the viaduct is provided with 1200mm dia bored piles. For some of the piers near baiyyappanahalli where the hard strata is available at a shallow depth open type shallow foundations are provided. The piers are solid RCC Piers with elliptical shape. There are many normal piers accommodated on the median with pier protection. Cantilever and portal type piers are provided to support the superstructure where the alignment is deviating from median centre.</p>\r\n<p>\r\n	The superstructure for main two tracks consists of 25m/28m/31m standard spans with precast pre stressed box segments stressed together after launching in between end diaphragms. The segments are cast in casting yard and transported to site and launched using overhead launching girders. The obligatory spans are of cast in situ prestressed box girders. The obligatory span at brigade road and trinity circle are with 50m spans. The spans adjacent to stations are provided with non standard spans with I girders. The edges of superstructure deck slab are provided with precast parapets. Elastomeric type of bearings are provided for superstructure in standard spans and pot type bearings for obligatory spans. The expansion joints are provided at every pier location.</p>\r\n<p>\r\n	Owner : Bangalore Metro Rail Corporation</p>\r\n', '14219467490.jpg', 'elevated-viaduct-between-baiyappanahalli-to-mg-road-in-reach-r1', '2015-01-22 22:42:29', NULL, '1', '', '', '', 0),
(88, 7, 'Viaduct for Chennai Metro Rail Corporation, Chennai', '<p>\r\n	This corridor is with an elevated viaduct with a length of 4258m running between Koyambedu and vadapalani with 161 piers in the corridor. There are 4 stations in between the start and end of this project length namely Vadapalani, Arumbakkam, CMBT and Koyambedu stations. Nearer to koyambedu station, koyambedu depot and a shunting neck are located. The main viaduct contains two tracks, the entry to depot carries multi tracks and the shunting neck with one track. The alignment passes through koyambedu bus stand, and crosses NH &amp; SH roads.</p>\r\n<p>\r\n	The foundation for the entire length of viaduct is provided with 1200mm dia bored piles. The piers are solid RCC Piers. There are many normal piers accommodated on the median and few cantilever and portal type piers. The superstructure for main two tracks consists of 25m/28m/32m/34m spans with precast pre stressed box segments stressed together after launching in between end diaphragms. The segments are cast in casting yard and transported to site and launched. The multi track areas are provided with varying numbers and lengths of I girders from span to span. The shunting neck spans are provided with 2 nos of precast pre tensioned I girders. The edge of the superstructure deck slab are provided with precast parapets.</p>\r\n<p>\r\n	Owner: M/s. SOMA Enterprises Ltd</p>', '14219468582.jpg', 'viaduct-for-chennai-metro-rail-corporation-chennai', '2015-01-22 22:44:18', NULL, '1', '', '', '', 0),
(89, 7, 'Reach R3 Viaduct of Bangalore Metro Rail Project', '<p>\r\n	This corridor is with an elevated viaduct with a length of 6000m running between yeswanthpur station and and swastik station with 194 piers in the corridor. There are 6 stations in between the start and end of this project lengths namely Soap factory station , Mahalaxmi station, &nbsp;Rajaji Nagar station, Kuvempu road, Malleswaram station and swastika &nbsp;stations &nbsp;Nearer to mahalaxmi station a pocket track is located. The main viaduct contains two tracks, the entry to pocket track carries multi tracks. The alignment passes through Railway crossing at malleswarm, underpass at rajaji nagar and crosses SH roads.</p>\r\n<p>\r\n	The foundation for the majority of the piers in the viaduct is provided with 1200mm dia bored piles. For some of the piers near Iskcon where the hard strata is available at a shallow depth open type shallow foundations are provided. The piers are solid RCC Piers with circular ends. There are many normal piers accommodated on the median with pier protection. Few cantilever and portal type piers to support the superstructure where the alignment is deviating from median centre.&nbsp;</p>\r\n<p>\r\n	The superstructure for main two tracks consists of 25m/28m/32m/34m standard spans with precast pre stressed box segments stressed together after launching in between end diaphragms. The segments are cast in casting yard and transported to site and launched using overhead launching girders. The spans adjacent to stations are provided with non standard spans. The multi track areas are provided with varying numbers and lengths of I girders. &nbsp;The pocket track &nbsp;spans are provided with 2 nos of precast post tensioned I girders. The edges of superstructure deck slab are provided with precast parapets. Elastomeric type of bearings are provided for superstructure in normal stretches and pot type bearings are provided in cross over spans. The expansion joints are provided at every pier location except at cross overs where deck continuity is providesd at pier location to have a continuous deck as per track requirements.</p>\r\n<p>\r\n	The railway crossing at Malleswaram is provided with 135m curved span superstructure with 66m span. This span is being constructed by cast in place method of construction. &nbsp;</p>', '14219469791.jpg', 'reach-r3-viaduct-of-bangalore-metro-rail-project', '2015-01-22 22:46:19', NULL, '1', '', '', '', 0),
(90, 4, ' Rehabilitation and automation of 450 MLD Water Treatment Plant ', '<p>\r\n	The project involves rehabilitation and automation of the 450 MLD Water Treatment Plant located at Shahdara, Delhi. The plant was originally built in the 1980s to treat water from the Upper Ganga Canal and Yamuna river. &nbsp;STUP was also the original designer of this WTP. &nbsp;Rehabilitation work has involved replacement of all major electro-mechanical equipment, repair and rehabilitation of major civil structures, installation of instruments within the WTP and at inlet and outlet of all its reservoirs to measure quantity and quality of water supplied. &nbsp;The WTP residual recycle system consists of thickener, sludge drying beds and centrifuges.</p>\r\n', '14220700010.jpg', 'rehabilitation-and-automation-of-450-mld-water-treatment-plant', '2015-01-24 08:56:41', NULL, '1', '', '', '', 0),
(91, 4, 'Dwarka Water Supply Scheme', '<p>\r\n	The Rs. 7,500 million project has been constructed to supply water to the Dwarka sub-city in Delhi. &nbsp;It includes a 90 MGD intake to draw water from the Western Yamuna Canal; settling tanks; raw water sump and pump house; twin 1500mm diameter MS pipes of 2x23 km length, 50 MGD water treatment plant based on lamella plate clarifiers and rapid gravity filters, with a sludge recycle system, and clear water MS rising mains of 26km length, with diameters varying from 700 DN to 1600 DN. &nbsp;The raw water system and Water Treatment Plant operation is automated, and the two remote systems communicate with each other and the seven clear water reservoirs through GPRS system, with the Central Monitoring Station being located at the WTP.</p>\r\n', '14220702931.jpg', 'dwarka-water-supply-scheme', '2015-01-24 09:01:33', NULL, '1', '', '', '', 0),
(92, 4, 'Bengaluru Water Supply and Environmental Sanitation Master Plan ', '<p>\r\n	The project entailed preparing a Master Plan for water supply, sewerage and storm water drainage components for Bengaluru City for the project horizon of 2025. &nbsp;The project comprised studying the condition of the existing sewerage system, sewage pumping stations and sewage treatment plants and proposing new sewerage system for uncovered areas. &nbsp;The project area was 598 km2 &nbsp; covering a population of 65 lakhs. The total length of minor sewers is about 250 km and major sewers is about 200km. Rehabilitation measures were proposed for 90 km length of minor sewers. The existing sewage treatment plants including presently ongoing works are designed with a combined total capacity of about 500 MLD and an additional 250 MLD sewage treatment plants are required to handle the additional flow.</p>\r\n', '14220704450.jpg', 'bengaluru-water-supply-and-environmental-sanitation-master-plan', '2015-01-24 09:04:05', '2015-01-24 09:05:45', '1', '', '', '', 0),
(93, 4, '205 MLD STP at Kondli based on Activated Sludge Process and 363 MLD raw sewage pumping station', '<p>\r\n	The Sewage Treatment Plant has been designed to treat dilute sewage input from the adjoining drain in the initial stages and from the sewerage system when it is ready. &nbsp;The project components include raw sewage intake structure on the Gazipur Drain at Chilla Regulator with an approach bridge, pumping of raw sewage through rising mains of length about 4.0 km to the STP at Kondli and disposal of treated effluent into Hindon River through effluent channel (about 3.15km away). The plant will have automated operation and the gas generated is to be used for power production.</p>\r\n', '14220705130.jpg', '205-mld-stp-at-kondli-based-on-activated-sludge-process-and-363-mld-raw-sewage-pumping-station', '2015-01-24 09:05:13', NULL, '1', '', '', '', 0),
(94, 4, 'Kolkata Environmental Improvement Project, West Bengal ', '<p>\r\n	The objective of the project is to improve environmental conditions in the Kolkata Municipal Corporation (KMC) area, reduce poverty in low income areas through affordable basic urban services, community empowerment through participatory processes, protecting the environment from adverse developmental impacts. It also envisages improvements in urban services like sewerage, drainage including design of larger sewer pipes with rectangular box sections; betterment of canals and resettlement of canal bank dwellers.&nbsp;</p>\r\n', '14220706320.jpg', 'kolkata-environmental-improvement-project-west-bengal', '2015-01-24 09:07:12', NULL, '1', '', '', '', 0),
(95, 4, 'Chandrawal Project, Delhi', '<p>\r\n	The project objective is to achieve equitable and continuous water distribution in the National Capital Territory of Delhi by improving the water supply network including service network to customers thereby contributing to &nbsp;upgrading citizen&rsquo;s standards. &nbsp;The project, spanning nine years, and costing 34,310 million Yen, aims at rehabilitation, new construction and automation of 445 MLD WTP, UGRs and the distribution system in the command area of the Chandrawal WTP. &nbsp;The project is to be implemented in five packages: Package 1 &ndash; Chandrawal WTPs I &amp; II, Packages 2 to 4 &ndash; Transmission / Distribution Networks in 3 Zones, Package 5 - Strengthening of GIS Mapping.&nbsp;</p>\r\n', '14220706990.jpg', 'chandrawal-project-delhi', '2015-01-24 09:08:19', NULL, '1', '', '', '', 0),
(96, 4, 'Multi Sector Project for Infrastructure Rehabilitation in Jammu & Kashmir ', '<p>\r\n	The project targets rehabilitation of existing infrastructure and utility facilities in the state. Jammu has a population of 1.26million. The water supply system suffers from poor pipe conditions and inequality in distribution. Supply varies from 25 to 300 litres per capita per day. Minimum supply is during winter, however the consumption being substantially higher during summer, water is scarce during summer also. Hence, the project aims to augment the system through creation of water sources and water intake, to improve sustainability and reduction in unaccounted for water.&nbsp;</p>\r\n', '14220707480.jpg', 'multi-sector-project-for-infrastructure-rehabilitation-in-jammu-and-kashmir', '2015-01-24 09:09:08', NULL, '1', '', '', '', 0),
(97, 4, 'Water Supply for Northern Provincial Towns, LAOS PDR', '<p>\r\n	This project aimed at providing technical assistance to the Government to carry out a feasibility study and to prepare a project estimate for the construction of new water supply systems or for the rehabilitation and expansion of old systems in seven selected towns. The towns selected were - Phungsali, Houayxay, Xam-Nua, Xaignabouli, Pek, Phunhong and Pokxan. A feasibility study for water supply development for each of the towns was carried out, which included physical, institutional, financial, economic and social aspects. Field surveys were also carried out to supplement this information.</p>\r\n', '14220708310.jpg', 'water-supply-for-northern-provincial-towns-laos-pdr', '2015-01-24 09:10:32', NULL, '1', '', '', '', 0),
(98, 4, 'Sewage Treatment Plant at Lansab, Muscat', '<p>\r\n	This sewage treatment plant is designed as an activated sludge plant with an extended aeration process. The process flow for the treated quality of effluent is designed as per British Standards, so as to satisfy the stringent requirements of the Ministry of Environment and Water Resources, Sultanate of Oman. The large quantity of good quality effluent water, thus made available, is used for irrigating plants and trees through a drip system. The plant which is constructed as a RCC inter-connected structure above ground level, consists of an aeration tank, a settling tank, a balancing tank, a sludge tank, a chlorine contact tank and an effluent tank along with a plant room housing raw sewage pumps, air blowers, sludge return pumps, a chlorine dosing pump, multimedia pressure filters, filter feed pumps, irrigation /backwash pumps and control panels.</p>\r\n', '14220709130.jpg', 'sewage-treatment-plant-at-lansab-muscat', '2015-01-24 09:11:53', NULL, '1', '', '', '', 0),
(99, 4, 'Delhi Pipeline Project', '<p>\r\n	To meet the increasing water demand of New Delhi, a raw water treatment plant of 270 cusec (660 MLD) capacity was envisaged at Sonia Vihar near the banks of Yamuna River. The mode of conveyance is a pipeline flowing &lsquo;by gravity&rsquo;. This 35km long conveyance system consists of a prestressed concrete pipeline, siphons and viaducts. The pipeline lies either below ground level as a conduit, buried from nil to 7m depth, or runs across natural depressions as a viaduct. The alignment also required the pipeline to be siphoned at road crossings, under railway track, drains and minor distributaries. The main length of pipeline is 21,000m. The total viaduct length is 7,200m and that of siphons is 4,800m.</p>\r\n', '14220709880.jpg', 'delhi-pipeline-project', '2015-01-24 09:13:08', NULL, '1', '', '', '', 0);
INSERT INTO `tbl_projects` (`project_id`, `sector_id`, `title`, `description`, `image`, `slug`, `created_date`, `updated_date`, `status`, `url`, `meta_description`, `meta_keyword`, `project_position`) VALUES
(100, 4, '130 MLD Water Supply Scheme for Left Bank of River Chambal for Kota City ', '<p>\r\n	(National Capital Region Water Supply Augmentation Scheme) (NCRPB/KFW Germany funding)</p>\r\n<p>\r\n	The project consists of following main components:</p>\r\n<p>\r\n	(i)<span class="Apple-tab-span" style="white-space:pre"> </span>Design of Intake Well at river Chambal (200 MLD)</p>\r\n<p>\r\n	(ii)<span class="Apple-tab-span" style="white-space:pre"> </span>Design of 130 MLD WTP &amp; Clear Water Reservoir and Pumping Station</p>\r\n<p>\r\n	(iii)<span class="Apple-tab-span" style="white-space:pre"> </span>Design and Modelling of Transmission up to OHSR (60 Km), MS/DI (Dia. 350-1400 mm)</p>\r\n<p>\r\n	(iv)<span class="Apple-tab-span" style="white-space:pre"> </span>Design of New OHSR (8 Nos.) and Peripheral Mains</p>\r\n<p>\r\n	(v)<span class="Apple-tab-span" style="white-space:pre"> </span>Remodeling of existing peripheral mains and OHSRs</p>\r\n<p>\r\n	(vi)<span class="Apple-tab-span" style="white-space:pre"> </span>Construction Supervision &amp; Quality Control</p>\r\n<p>\r\n	(vii)<span class="Apple-tab-span" style="white-space:pre"> </span>Project Management and Bid Process Management</p>\r\n<p>\r\n	(viii)<span class="Apple-tab-span" style="white-space:pre"> </span>Design of Distribution Network (180 km)</p>\r\n<p>\r\n	(ix)<span class="Apple-tab-span" style="white-space:pre"> </span>Rehabilitation of existing OHSR, Booster Pump Stations &ndash; 2 Nos.&nbsp;</p>\r\n<p>\r\n	(x)<span class="Apple-tab-span" style="white-space:pre"> </span>O&amp;M for a period of 10 Yrs.</p>\r\n<p>\r\n	(xi)<span class="Apple-tab-span" style="white-space:pre"> </span>Service population covered &ndash; 8.67 Lakhs</p>', '14220710650.jpg', '130-mld-water-supply-scheme-for-left-bank-of-river-chambal-for-kota-city', '2015-01-24 09:14:25', NULL, '1', '', '', '', 0),
(101, 9, 'Fourth Oil Berth at Butcher Island, Mumbai', '<p>\r\n	The 4th oil berth in Mumbai harbour caters to oil tankers berthing in deep waters. The project comprises an approach bund 547m long, an approach jetty 5.9m wide &amp; 1248m long and berthing and mooring facilities for vessels upto 1,50,000 DWT. &nbsp;</p>\r\n<p>\r\n	An interesting feature of the project is its optimal design concept which catered economically to the strong waves and high berthing forces and at the same time met the tight construction schedule fixed for the project. The design concept takes into account the difficult and hazardous conditions of working in the sea and utilised fully the potential of on-shore precasting and transportation by sea.</p>', '14220712551.jpg', 'fourth-oil-berth-at-butcher-island-mumbai', '2015-01-24 09:17:35', NULL, '1', '', '', '', 0),
(102, 9, 'Grain Storage Facility at Jebel Ali Port, Dubai, UAE', '<p>\r\n	The fully mechanised grain unloading, handling and storage complex at Jebel Ali Port, is designed to handle six different kinds of grains. It has facilities for unloading grain from bulk carrier ships of upto 80,000t capacity and 12 prestressed vertical silos, each with a capacity of 10,000t for the storage of grain. &nbsp;The project consisted of detailed design of civil engineering elements, a loading/ unloading system, conveyor system, elevator tower, junction towers and forklift equipments.</p>\r\n<p>\r\n	This facility was built rapidly with each silo being complete d in 14 days and the entire complex concluded in 24 months.&nbsp;</p>', '14220713470.jpg', 'grain-storage-facility-at-jebel-ali-port-dubai-uae', '2015-01-24 09:19:07', NULL, '1', '', '', '', 0),
(103, 9, 'Eighth Cargo Berth at Kandla Port, Gulf of Kutchh, Gujarat', '<p>\r\n	With the increase in the quantity of cargo at Kandla Port in the Gulf of Kutchh, it was decided to construct the eighth cargo berth. This is part of the expansion plan of Kandla Port and is to be constructed in continuation with the existing seventh cargo berth. It is designed to handle 4,00,000t per annum of cargo and can handle ships upto 45,000 DWT. The salient features of this project include the construction of a cargo berth 208.74m long &amp; 55.26m wide and a quay and transit area comprising RCC precast as well as an in-situ superstructure which is supported on deep piles complete with fenders, bollards etc. Ground treatment with band drains and preloading, in an area 208.74m long by 149.74m wide including instrumentation, is to be used as a container stack yard.</p>\r\n', '14220714440.jpg', 'eighth-cargo-berth-at-kandla-port-gulf-of-kutchh-gujarat', '2015-01-24 09:20:44', NULL, '1', '', '', '', 0),
(104, 9, 'Multipurpose Berths at Vishakhapatnam Port, Vizag', '<p>\r\n	Vizag Sea Port Ltd. is to set up two multipurpose berths, each 255m long, with required material handling and storage facilities of &nbsp;over 90,000 sqm at Visakhapatnam Port on BOT basis. The berth is to handle ships upto 80000 DWT for import/export of dry bulk cargo upto 9.0 million t per annum.</p>\r\n', '14220714900.jpg', 'multipurpose-berths-at-vishakhapatnam-port-vizag', '2015-01-24 09:21:30', NULL, '1', '', '', '', 0),
(105, 9, 'Shiplift-cum-Dry Dock, Surat, Gujarat', '<p class="MsoNormal" style="margin-bottom: 0.0001pt; text-align: justify;">\r\n	This is the first shiplifting platform in India with a dry dock/ wet basin facility. The lifting is done by twenty, 100t hydraulic jacks controlled by a computerized synchronizing system which prevents differential lifting of more than 5 mm. The shiplift caters to ships upto 120m length and 2000 DWT.<o:p></o:p></p>\r\n', '14220715390.jpg', 'shiplift-cum-dry-dock-surat-gujarat', '2015-01-24 09:22:19', NULL, '1', '', '', '', 0),
(106, 9, 'Virtual Jetty for IOCL, KandlaPort , Gulf of Kutchh, Gujarat', '<p>\r\n	This virtual jetty is situated beside the proposed liquid cargo jetty of IFFCO and is designed to handle petroleum products upto 25,00,000t per annum and can handle ships upto 30,000 DWT. The project consists of the construction of an approach bridge with a steel superstructure from the shore carrying a steel piperack structure and a walkway founded on steel liner encased concrete cast-in-situ deep piles. A steel truss bridge carries pipelines with a walkway connecting an approach bridge and cradle pontoon. There is also a gangway steel bridge carrying a pipeline and a walkway connecting a cradle and a main pontoon, and four mooring buoys complete with anchors, chains, bollards, fenders and other deck fittings etc., pipelines carrying class &lsquo;B&rsquo; petroleum products upto IOCL&rsquo;s old dock line and allied civil works including construction of pipeline pedestals.</p>\r\n', '14220716260.jpg', 'virtual-jetty-for-iocl-kandlaport-gulf-of-kutchh-gujarat', '2015-01-24 09:23:46', NULL, '1', '', '', '', 0),
(107, 9, 'Offshore Fabrication Yard at Jellingham', '<p>\r\n	A fabrication yard, for the supply of jackets and other structures to ONGC, has been constructed at Jellingham, 16km downstream of Haldia along the Hooghly river. The jackets will be upto 4,000t in weight and 300m in length and will be fabricated on skid beams fixed on precast RCC sleepers. Cellular bulkheads which are 600m long (cell diameter 15.28m) consisting of straight web sheet piles 22m long, are constructed as quay walls for berthing. Geotextile (spun blended polypropylene fabric) has been used as a reinforcing material with 0.8m boulder filling on top to improve the safe bearing capacity of the soil. The main components of the project include an administrative building, welding workshop, generator house, precast RCC sleeper blocks, overhead tank, cellular sheet pile bulk head construction, fendering system for berthing, officers&rsquo; camp and labour camp.</p>\r\n', '14220717020.jpg', 'offshore-fabrication-yard-at-jellingham', '2015-01-24 09:25:02', NULL, '1', '', '', '', 0),
(108, 9, 'Liquid Cargo Jetty for IFFCO at Kandla Port, Gujarat', '<p>\r\n	To meet the increasing demand of handling imported items, IFFCO built their own liquid cargo jetty in front of the plant. The handling capacity of the liquid cargo jetty is 20,00,000t per annum. The project included construction of a jetty designed for berthing ships upto 45000 DWT, an approach bridge to the jetty, four mooring dolphins, steel walkway bridges connecting the mooring dolphins with the jetty, a connecting bridge between IFFCO and the 3rd oil jetty of KPT, an offshore pump house, a pipeline manifold platform, illumination of the jetty and approach bridge area.</p>\r\n', '14220718150.jpg', 'liquid-cargo-jetty-for-iffco-at-kandla-port-gujarat', '2015-01-24 09:26:55', NULL, '1', '', '', '', 0),
(109, 9, 'Land Based Drilling Platform at Hazira', '<p>\r\n	The project comprises of a platform about 80 m x 80 m in the sea for installation of natural gas wells and an approach of about 1.5 km length, connecting the drilling platform with the shore. The sea water depth at the platform location is about 8.0 m. The approach is a rock mound structure with armour stones on the side slopes. The sides of the platform are rubble peripheral embankments with sand filling inside. For protection of outer slopes, in addition to rubble protection, dolos each weighting about 5 t are provided.</p>\r\n', '14220720120.jpg', 'land-based-drilling-platform-at-hazira', '2015-01-24 09:30:12', NULL, '1', '', '', '', 0),
(110, 9, 'Third Oil Jetty at Kandla Port, Kachh, Gujarat', '<p>\r\n	The third oil jetty at Kandla Port has a handling capacity of 20,00,000t per annum. It is being used for traffic in POL and other liquid bulk cargo passing through Kandla Port. The jetty consists of a pile- supported platform with a RCC precast superstructure. It is designed for berthing ships upto 45000 DWT. Four mooring dolphins, approach bridge and pipeline manifold platforms are also provided.</p>\r\n', '14220720840.jpg', 'third-oil-jetty-at-kandla-port-kachh-gujarat', '2015-01-24 09:31:24', NULL, '1', '', '', '', 0),
(111, 11, 'Airoli Bridge across Thane Creek', '<p>\r\n	This new bridge across Thane Creek has 2 parallel decks with an aggregate length of 2.22km.&nbsp;</p>\r\n<p>\r\n	The technology successfully used for the construction of the Thane Creek Bridge foundations was reused in this bridge. The superstructure has precast simply supported spans of 50m which were transported by a floating mechanical derrick and placed in position.</p>', '14220725440.jpg', 'airoli-bridge-across-thane-creek', '2015-01-24 09:39:04', NULL, '1', '', '', '', 0),
(112, 11, 'Bhima Aqueduct, Maharashtra', '<p>\r\n	The Bhima aqueduct was constructed by the Government of Maharashtra to irrigate drought prone areas of Sholapur district. The aqueduct, with a discharge of 42.5 cumecs, is 947m in length with a 3.5m roadway and continuous spans of 41.5m. The aqueduct is supported on 23 tall, slender, hollow circular piers 40m high, constructed with climbing forms. The truncated circular cross section which is 4.8m in diameter achieves high hydraulic and structural efficiency and reduces transverse effects, &nbsp;due to membrane forces, easily taken by transverse prestressing.&nbsp;</p>\r\n<p>\r\n	Rapid and economic construction was achieved by adopting the free cantilever method, using precast match cast epoxy glued prestressed segments, which was the latest technology at that time. It is an outstanding structure in many ways and is a major shift from traditional methods of design and construction of aqueducts. It combines aesthetics with efficiency and economy. Specially designed and fabricated lightweight equipment for construction were fabricated locally.</p>', '14220726360.jpg', 'bhima-aqueduct-maharashtra-19', '2015-01-24 09:40:36', NULL, '1', '', '', '', 0),
(113, 11, 'Bhosari Flyover on Pune Nashik Road', '<p>\r\n	Total Length of Flyover is 1535 Mtr. including solid approaches on both end and super structure is precast segmental Box Girder Type. Top width of Box Girder is 19.5 Mtr. (4 Lane with 1.2 Mtr. Median).</p>\r\n<p>\r\n	Superstructure is resting on single pier span of 40 Mtr. Length. Reinforcement Earth Work for approaches at both ends has been provided..</p>', '14220726830.jpg', 'bhosari-flyover-on-pune-nashik-road', '2015-01-24 09:41:23', NULL, '1', '', '', '', 0),
(114, 11, 'Eastern Freeway Section from Panjarpole to Chembur Mankhurd Link road ', '<p>\r\n	Mumbai Urban Infrastructure project (MUIP), Eastern Freeway is one of the projects of Vital Metropolitan importance in improving vehicular mobility.</p>\r\n<p>\r\n	Eastern Freeway is divided in three sections i.e. (a) From Museum to Anik (b) Anik to Panjarpole &amp; (c) Panjarpole to Chembur Mankhurd Link Road.</p>\r\n<p>\r\n	The section of Eastern freeway covered by this contract is from Panjarpole to Chembur Mankhurd Link Road Km 0/000 to 2/500. The total length of this link is 2.5 km as per original scope of work. &nbsp;This starts from Shivaji Chowk &nbsp;at second level at 22 m from the existing road. &nbsp;At his point, above the existing road the Metro Rail crosses at the first level. Alignment passes through Panjarpole junction along Waman Tukaram Patil marg up to Borba Devi Chowk and after crossing Govandi ROB it crosses CMLR road to reach Indian Oil Nagar.</p>', '14220727410.jpg', 'eastern-freeway-section-from-panjarpole-to-chembur-mankhurd-link-road', '2015-01-24 09:42:21', NULL, '1', '', '', '', 0),
(115, 11, 'Elevated Road from Western Express Highway to International Airport,', '<p>\r\n	The Sahar Elevated Access Road is an elevated road under construction in Mumbai. It provides direct connectivity between the Western Express Highway (WEH) and the forecourts of Terminal T2 of the Chhatrapati Shivaji International Airport. The 3.3 Km long access road has 4 entry points and 2 exit points. The road includes an underpass for vehicles and pedestrians on the WEH, a tunnel and ramps connecting the highway to the terminal, bypassing the congested roadways below.</p>\r\n<p>\r\n	The corridor begins at the WEH heading east at grade until the elevated section takes it over the Sahar Road. The corridor continues east over the Indian Airlines Project Road until it reaches the current main approach road of the International terminal where the corridor disperses into ramps leading to the arrival and departure forecourts.</p>\r\n<p>\r\n	The elevated road consists of 30 spans of 35 metre long (115 ft) precast concrete segments erected using a specially fabricated launching girder and strand jack. The pillars measure 2.5 by 2.8 meters (8.2 ft x 9.2 ft) at the base. The 27.6 metre (91 ft) deck superstructure is composed of a 9 metre wide (30 ft) precast central spine and two 9.3 metre (31 ft) cantilever wings on either side connected to the central spine by concrete stitching and transverse pre-stressing methods.&nbsp;</p>', '14220728570.jpg', 'elevated-road-from-western-express-highway-to-international-airport', '2015-01-24 09:44:17', NULL, '1', '', '', '', 0),
(116, 11, 'Railway Bridge over Vasai Creek, Maharashtra', '<p>\r\n	This bridge is 4km long with spans of 48.5m, each weighing 750 t.They are precast, shifted &amp; launched into position using entirely hand operated equipment and a simple barge. This was among the first examples of such large precast spans being used to construct a bridge for the Indian Railways.</p>\r\n<p>\r\n	Since the earlier bridge had corroded, special precautions have been taken in constructing the new bridge. Entire spans were totally precast on the shore, to achieve very high quality of construction.Thereafter the spans were lifted on to a specially designed barge by using the rising tide, were towed 3.5km to site and lowered in position using the falling tide.&nbsp;</p>\r\n<p>\r\n	The construction equipment engineered for the bridge was economical and suitable for use by a developing country contractor.</p>', '14220729250.jpg', 'railway-bridge-over-vasai-creek-maharashtra-72', '2015-01-24 09:45:25', NULL, '1', '', '', '', 0),
(117, 11, 'Wheel and Axle Plant, Bangalore', '<p>\r\n	Plant for the Railways at Bangalore is one of the largest automated industrial plants in South Asia with an annual output of 70,000 wheels and 23,000 axles Area of 120 hectares with a floor area of 85,000 sqm Advanced design has minimized costs and energy utilization, yet achieved striking aesthetics Main wheel and axle shop is 51,500sqm with a roof constituted of 12m span precast folded plate shell elements resting on 30m span precast prestressed tied arch girders of 45 tons each</p>\r\n', '14220729810.jpg', 'wheel-and-axle-plant-bangalore-78', '2015-01-24 09:46:21', NULL, '1', '', '', '', 0),
(118, 11, 'Sindhudurg Airport, Maharashtra', '<p>\r\n	The &nbsp;innovations &nbsp;include &nbsp;a &nbsp;component-based &nbsp; flexible floor plate which can respond to the changing &nbsp;business plans of the developer &nbsp;and the airline industry, and an Airport Village which provides a comfortable &nbsp;shaded atmosphere for the visitors to this facility. The passenger terminal building will have an area of 9250 sqm and a peak hour capacity of 200 departing and 200 arriving passengers. The scope includes consultancy work for Master Planning, Detailed Project Report, Detailed Design of the Passenger Terminal Building, ATC and Technical building and all other buildings, Airside and Landside works, Infrastructure, Airfield Ground Lighting etc as well as the business plan and techno feasibility study for this PPP airport. STUP is entrusted with design and comprehensive project management services for the entire airport development of this Greenfield international airport.</p>\r\n<p>\r\n	A signature feature of this airport is the flowing roof and the coconut palm skylight, which defines the ambience this unique airport located in sylavan coastal surroundingsin the lush green Konkan belt of India.</p>', '14220730510.jpg', 'sindhudurg-airport-maharashtra', '2015-01-24 09:47:31', NULL, '1', '', '', '', 0),
(119, 11, 'Patni Computers, Chennai ', '<p>\r\n	The project houses software units, training facilities customer care centres, and staff elfare facilities for one of India&rsquo;s leading software giants. This project is specially designed to meet high benchmarks of rapid construction, high efficiency and flexibility and reusability of spaces. A unique and innovative double cantilever structural system was innovated to meet the demanding timeframe of 9 months Design to Delivery requested by the clients. An expressive Palm tree inspired skyframe from the signature element of this design ,crowning the roof of this building while simultaneously housing a cafeteria and recreational spaces with its inspirational cover. This roof is inspired by an expressive functional architecture, an aesthetic reminiscent of British hightech architecture and is inspired by the Palm trees of the surrounding coastal region. Specially designed light wells bring indirect light to the interior spaces. The building is designed with a solar screen roof for reduced heat gain and naturally ventilated public spaces in an effort to make a sustainable and futuristic environment for the clients.</p>\r\n', '14220732680.jpg', 'patni-computers-chennai', '2015-01-24 09:51:08', NULL, '1', '', '', '', 0),
(120, 11, 'IIMC Complex at Joka, Kolkata', '<p>\r\n	Indian Institute of Management had its first campus opened in 1961 at Joka in the Southern suburb of Kolkata. Over the last fifty years it has produced an impressive list of alumni representing the Corporate and Intellectual echelon of India. Kolkata branch of STUP has had an opportunity to stay in close touch with their ongoing infrastructure expansion projects undertaken in phases since 2007. The responsibilities of STUP include Project Management including Contract Administration, Quality Control, Progress Monitoring, Certification of Bills etc. The present expansion project handled by STUP has covered Construction of Management Development Center, Teaching Complex for Post Graduate and Doctoral Program, New Hostel Blocks for Post Graduate Program, Family type dwelling accommodation, Refurbishing of existing Buildings, Renovation of Interior of all buildings, Development of new Roads and adjoining Land etc.</p>\r\n', '14220733660.jpg', 'iimc-complex-at-joka-kolkata', '2015-01-24 09:52:46', NULL, '1', '', '', '', 0),
(121, 12, 'Bridge across River Sharavati on NH17, Honnavar, Karnataka', '<p>\r\n	The Sharavati bridge, located in an aggressive coastal environment, has 34 spans &amp; a total length of 1067m. The bridge was completed in 1971 but started showing distress in the longitudinal and cross prestressing wires, passive reinforcement and bearing, due to corrosion, spalling and deterioration of concrete by carbonation and penetration of chlorides.&nbsp;</p>\r\n<p>\r\n	The bridge was closed to commercial traffic. A comprehensive program of in-situ and laboratory testing was carried out. A scheme of emergency repairs to enable the bridge to be opened to commercial traffic as well as a detailed scheme of repairs was proposed.</p>', '14220735630.jpg', 'bridge-across-river-sharavati-on-nh17-honnavar-karnataka', '2015-01-24 09:56:03', NULL, '1', '', '', '', 0),
(122, 12, 'Times of India Building, Mumbai', '<p>\r\n	The Times of India Building, a heritage structure constructed in 1901, has been exposed to the aggressive marine environment of Mumbai for decades. Over this period of nearly a century, many structural and architectural modifications were carried out.&nbsp;</p>\r\n<p>\r\n	The work included evaluating the effect of renovations, additions and modifications to assess the present structural safety of the building, to prepare a rehabilitation scheme and to evaluate the expectations regarding the future use of this building. A rehabilitation scheme was prepared based on the results of testing, investigation and structural analysis.</p>', '14220736110.jpg', 'times-of-india-building-mumbai', '2015-01-24 09:56:51', NULL, '1', '', '', '', 0),
(123, 12, 'Rehabilitation in cyclone affected areas of Jagatsinghpur Dist., Orissa', '<p>\r\n	The cyclone in October 1999 caused widespread damage and loss of life in Orissa. The Government of Maharashtra has taken up rehabilitation work in the coastal state.</p>\r\n<p>\r\n	The work includes construction supervision and project management of:</p>\r\n<p>\r\n	1. 100 school buildings cum cyclone shelters</p>\r\n<p>\r\n	2. 700 houses</p>\r\n<p>\r\n	3. 23 Colleges (Repair &amp; Rehabilitation)</p>', '14220737650.jpg', 'rehabilitation-in-cyclone-affected-areas-of-jagatsinghpur-dist-orissa', '2015-01-24 09:59:25', NULL, '1', '', '', '', 0),
(124, 12, 'Eleven Villages in Latur and Osmanabad District, Maharashtra', '<p>\r\n	The earthquake of 1993 measuring 6.5 on the Richter scale caused widespread devastation and loss of life in the district of Latur and Osmanabad in Maharashtra State. The Government of India obtained a loan/ credit from International Bank of Reconstruction and Development (IBRD) and International Development Agency (IDA), has allocated a portion of it to complete relocation and rehabilitation of 11 severely devastated villages. The work includes construction of 2000 new houses, 16 community centers and school building.&nbsp;</p>\r\n<p>\r\n	An interesting feature of this work is that community participation of the villagers is encouraged at the planning and preliminary design stage.</p>\r\n', '14220738250.jpg', 'eleven-villages-in-latur-and-osmanabad-district-maharashtra', '2015-01-24 10:00:25', '2015-01-27 10:51:15', '1', '', '', '', 0),
(125, 12, 'Rehabilitation of Cooling Tower at Dhuvaran Thermal Power Station, Baroda', '<p>\r\n	Between 1970 &amp; 1972, two Natural Draught Cooling Towers (units 5 &amp; 6) were constructed at Dhuvaran Thermal Power Station. A portion of cooling tower no. 6 fell down in 1993, destroying the peripheral channel and partly the fill structure.</p>\r\n<p>\r\n	The inspection and testing of these towers showed extensive cracking of shell, deep penetration of carbonation, low resistivity of concrete and a severe corrosion of steel. The repair and rehabilitation measures included dismantling the shell of cooling tower no. 6 upto the neck, painting the shell to stop chloride penetration, repair of cracks, casting a new shell around the existing one and provision of external prestressing for shells as a short term strengthening measure.</p>', '14220740450.jpg', 'rehabilitation-of-cooling-tower-at-dhuvaran-thermal-power-station-baroda', '2015-01-24 10:04:05', NULL, '1', '', '', '', 0),
(126, 12, 'Mahatma Gandhi Setu across Ganga at Patna', '<p>\r\n	On investigating this bridge the immediate distress shows hammering at the hinges on passage of vehicles, finger type expansion joints in an advanced state of distress, wearing coat cracks, spalling of concrete at transverse joints, longitudinal cracks in precast segments at 700 to 800mm from web face, leakage of water inside the box girder from joints between segments and from holes provided for lifting the segments, honeycombing of concrete on the soffits of girders and level difference between two cantilever arms at the middle of some spans.</p>\r\n<p>\r\n	The investigation and testing is in progress. It is anticipated that the rehabilitation scheme will involve external prestressing to make up the loss due to relaxation, replacement of expansion joints, repairs / replacement of hinges and replacement of parapet sections lost due to accidents.</p>', '14220741160.jpg', 'mahatma-gandhi-setu-across-ganga-at-patna', '2015-01-24 10:05:16', NULL, '1', '', '', '', 0),
(127, 12, 'Dam Safety Assurance and Rehabilitation Project Orissa', '<p>\r\n	Remedial measures have been formulated for the rehabilitation of ten large dams in order to enhance their safety status in this World Bank Aided project. The formulation of remedial measures is based on state-of-the-art technology and has resulted in the evolution of a design standard.&nbsp;</p>\r\n<p>\r\n	The height of the dams vary from 12m to 28m comprising earth dams with concrete and/or masonry spillways with or without gates and weirs with pervious and impervious foundations. The project includes assessment of safety of existing structures through appropriate site investigations &amp; laboratory studies.</p>', '14220741970.jpg', 'dam-safety-assurance-and-rehabilitation-project-orissa', '2015-01-24 10:06:37', NULL, '1', '', '', '', 0),
(128, 12, 'Bridge across River Zuari near Borim, Goa', '<p>\r\n	This bridge located in an aggressive coastal environment is 410m long, including four viaduct spans and has prestressed concrete box girders with cantilever arms and suspended spans. The bridge has RCC cellular piers.</p>\r\n<p>\r\n	The initially apparent distress includes a substantial deflection of the structure observed at the hinge location, loud grating noises when vehicles traverse this point and deterioration of the finger type expansion joints. It is felt that the distresses observed are due to excessive deflection caused by relaxation losses in the prestress and due to improper functioning of the piston of the hinge. The rehabilitation scheme is expected to consist of application of external prestress, replacement of the hinge, and the normal surface repairs expected after more than a decade of service in the aggressive environment.</p>', '14220742630.jpg', 'bridge-across-river-zuari-near-borim-goa', '2015-01-24 10:07:43', NULL, '1', '', '', '', 0),
(129, 12, 'Reconstruction of Damaged Jetty, Trincomalee, Sri Lanka', '<p>\r\n	M/s. TCCL, a leading cement manufacturing company constructed an exclusive berth for importing raw materials. In the recent past, one of the main dolphins and the hopper pad suffered extensive damage. This created a serious impediment to the normal functioning of the port facilities and support systems. The project involved reconstruction of the damaged main berthing dolphins and the hopper pad.</p>\r\n', '14220743300.jpg', 'reconstruction-of-damaged-jetty-trincomalee-sri-lanka', '2015-01-24 10:08:50', NULL, '1', '', '', '', 0),
(130, 12, 'First Road Bridge across Thane Creek, Mumbai', '<p>\r\n	The first road bridge across Thane Creek is a 1,836m long, 39 span, pre-stressed concrete structure connecting the mainland with Mumbai&nbsp;</p>\r\n<p>\r\n	The structure is located in a severely aggressive environment, resulting in corrosion of cables and severe cracking of concrete&nbsp;</p>\r\n<p>\r\n	The recommendations included the development and design of a special movable suspended platform for inspection and maintenance, application of epoxy paint and external pre-stressing to girders</p>', '14220743980.jpg', 'first-road-bridge-across-thane-creek-mumbai', '2015-01-24 10:09:58', NULL, '1', '', '', '', 0),
(133, 2, 'DOHACITY MASTERPLAN, 2008 ', '<p>\r\n	Conceived jointly under the aegis of a team of international architects and planners (NORPLAN/ASPLAN/ NSW with Stup),&nbsp;</p>\r\n<p>\r\n	Doha is designed as a sustainable city, its urban fabric defined by a green web, and a fertile green crescent, where , along the corniche, the Old city, the New Institutional City , and the Manhattan like West Bay development will coexist, displaying the difference and chaotic diversity that defines contemporary cities.&nbsp;</p>\r\n<p>\r\n	The defining aspect of this design however is the fabric of the city itself. A palimpsest, it overlays on the structure of the existing automobile city - a series of layered networks. The Blue Layer responds to the presence of a high water table by dredging an Array of Oases, networked by wadis and waterways, its lace-like character resembling the Arabesque. This creates a series of waterfronts within the structure of the city, a modern day Venice, for the word Qatar itself is derived from catarrh , which means the constant search for water.&nbsp;</p>\r\n<p>\r\n	The Green Layer demarcates the self sustaining communities. Designed as a green web, it forms a transition from the central park to the fabric of the city and the desert beyond. The narrow green fingers, articulating shaded public spaces, souks and streets, surrounded by houses and community buildings- its scale and narrow linear character responsive to climate and its Islamic context, while simultaneously infusing life into the community spaces. Each web enclosure is scaled for pedestrian travel and trams, encouraging public transport and placing amenities in 10 minute walking distances.</p>', '14220749520.jpg', 'dohacity-masterplan-2008', '2015-01-24 10:19:12', '2015-01-29 17:09:30', '1', '', '', '', 9),
(134, 2, 'Tata Consultancy Services Corporate Park & Training Centre ', '<p>\r\n	This integrated campus integrating production centres, public amenities, training facilities as well into a single habitat in Trivandrum is designed as a dynamic but contextual architectural landmark for India&rsquo;s leading IT solutions company. The architecture combines the concerns for creating a green environment, while aspiring to create covered circulation spines, complete segregation of pedestrian and vehicular traffic, optimized orientation with respect to solar and wind movements and the use of traditional architectural elements and craftsmanship while creating a contemporary architectural solution.</p>\r\n', '14220749990.jpg', 'tata-consultancy-services-corporate-park-and-training-centre', '2015-01-24 10:19:59', NULL, '1', '', '', '', 0),
(135, 2, 'Airtel Corporate Office and Training Centre, Chandigarh 0', '<p>\r\n	This building has been designed as an iconic building inspired by the sleek sinuous aero- dynamic futuristic forms which represent the emerging culture of this vibrant company. The building orients itself according to the climate and is designed as strips with glazed facades corresponding to the solar movements and the sloping eastern facade reduces solar insolation. The unique feature of the building is its open character, with a streetscape shape, forming a green spine, bringing the employees and staff together. The building was designed to create a prominent mind space for Airtel in Chandigarh as to inspire its employees to meet the challenges of the future in a conducive environment.</p>\r\n', '14220750690.jpg', 'airtel-corporate-office-and-training-centre-chandigarh-0', '2015-01-24 10:21:09', NULL, '1', '', '', '', 0),
(136, 2, 'Club Mahindra, Resorts Coorg ', '<p>\r\n	The Club Mahindra Resorts project at Coorg is inspired by the local character of coffee plantation houses. An innovative tree house colony is the highlight of this design.. A blend of contemporary architecture and local materials and forms the central theme of this complex. The room plans have been designed to maximize openness while simultaneously allowing flexibility of use. Resort like feel have been achieved through the cottage clusters in various combinations. The spiraling tree houses and the island pool are the most significant features of the Resort. This is a green eco friendly resort using natural ventilation and local materials and craftsmanship.</p>\r\n', '14220751341.jpg', 'club-mahindra-resorts-coorg', '2015-01-24 10:22:14', NULL, '1', '', '', '', 0),
(137, 2, 'Indian Institute of Science & Technology, Trivandrum ', '<p>\r\n	This project has been designed as a pioneering Institute for Space, Science &amp; Technology situated in most difficult terrain between steep valleys and ridges in a dense forest. The architecture while expressing contemporary character seeks to draw inspiration from the rich traditional architectural context of the region. The sloping roofs are designed innovatively to symbolize flight and buildings are designed to take full advantage of the topography. A great value has been put on the connectivity between the residential and academic campus, ensuring that all the facilities are accessible by by-cycle and pedestrians. The design is environment friendly maximizing the use of cross ventilation and minimizing the use of glass and air conditioners. The campus houses a large central library, convention centre, administrative buildings as well as the various academic institutions, as well as recreational facilities for this prestigious institution.</p>\r\n', '14220752160.jpg', 'indian-institute-of-science-and-technology-trivandrum', '2015-01-24 10:23:36', NULL, '1', '', '', '', 0),
(138, 2, 'Logistics SEZ in Navi Mumbai ', '<p>\r\n	India&rsquo;s first wholly integrated logistics SEZ houses state of the art corporate buildings, warehousing facilities as well as sustainably designed welfare facilities. The corporate building with its active sun breaker facades as well as the cafetteria and welfare complex with its sweeping green roof are some of the unique aspects of this project.</p>\r\n', '14220753140.jpg', 'logistics-sez-in-navi-mumbai', '2015-01-24 10:25:14', NULL, '1', '', '', '', 0),
(139, 2, 'Indoor Velodrome for the Commonwealth Games, 2010, New Delhi ', '<p>\r\n	State of the Art Velodrome is one of the defining structures of the Commonwealth Games 2010.Using two largespan bow- arches to suspeend the roof shell STUP has executed a daring and flamboyant design for this prestigious structure housing one of the best velodrome tracks in the world.</p>\r\n', '14220754350.jpg', 'indoor-velodrome-for-the-commonwealth-games-2010-new-delhi', '2015-01-24 10:27:15', NULL, '1', '', '', '', 0),
(140, 2, 'Kirloskar Toyoda Textile Machinery Manufacturing Unit, Bangalore', '<p>\r\n	The factory consists of four major units: the machine shop, the administrative building, the canteen, and the services building. Lightweight north light steel roof trusses have been used for the economical, yet rapid and easy construction of these elegant and colourfully painted buildings.</p>\r\n', '14220754870.jpg', 'kirloskar-toyoda-textile-machinery-manufacturing-unit-bangalore', '2015-01-24 10:28:07', NULL, '1', '', '', '', 0);

-- --------------------------------------------------------

--
-- Table structure for table `tbl_project_images`
--

DROP TABLE IF EXISTS `tbl_project_images`;
CREATE TABLE IF NOT EXISTS `tbl_project_images` (
  `project_image_id` int(20) NOT NULL AUTO_INCREMENT,
  `project_id` int(20) NOT NULL,
  `image` varchar(150) NOT NULL,
  `created_date` datetime DEFAULT NULL,
  `updated_date` datetime DEFAULT NULL,
  `status` enum('0','1') NOT NULL DEFAULT '1',
  `sortorder` int(20) NOT NULL DEFAULT '0',
  PRIMARY KEY (`project_image_id`)
) ENGINE=MyISAM  DEFAULT CHARSET=latin1 AUTO_INCREMENT=169 ;

--
-- Dumping data for table `tbl_project_images`
--

INSERT INTO `tbl_project_images` (`project_image_id`, `project_id`, `image`, `created_date`, `updated_date`, `status`, `sortorder`) VALUES
(158, 19, '14223610280.jpg', '2015-01-27 17:47:08', NULL, '1', 0),
(145, 2, '14223437150.jpg', '2015-01-27 12:58:35', NULL, '1', 0),
(168, 1, '14225261470.jpg', '2015-01-29 15:39:07', NULL, '1', 0),
(129, 131, '14220747840.jpg', '2015-01-24 10:16:24', NULL, '1', 0),
(10, 4, '14212354060.jpg', '2015-01-14 17:06:46', NULL, '1', 0),
(11, 4, '14212354061.jpg', '2015-01-14 17:06:46', NULL, '1', 1),
(12, 37, '14219256480.jpg', '2015-01-22 16:50:48', NULL, '1', 0),
(13, 38, '14219258060.jpg', '2015-01-22 16:53:26', NULL, '1', 0),
(14, 39, '14219259950.jpg', '2015-01-22 16:56:35', NULL, '1', 0),
(15, 40, '14219284160.jpg', '2015-01-22 17:36:56', NULL, '1', 0),
(16, 41, '14219284830.jpg', '2015-01-22 17:38:03', NULL, '1', 0),
(37, 60, '14219307390.jpg', '2015-01-22 18:15:39', NULL, '1', 0),
(18, 43, '14219287900.jpg', '2015-01-22 17:43:10', NULL, '1', 0),
(19, 44, '14219288590.jpg', '2015-01-22 17:44:19', NULL, '1', 0),
(20, 45, '14219289390.jpg', '2015-01-22 17:45:39', NULL, '1', 0),
(21, 46, '14219290130.jpg', '2015-01-22 17:46:53', NULL, '1', 0),
(22, 47, '14219290720.jpg', '2015-01-22 17:47:52', NULL, '1', 0),
(23, 48, '14219293370.jpg', '2015-01-22 17:52:17', NULL, '1', 0),
(24, 49, '14219294580.jpg', '2015-01-22 17:54:18', NULL, '1', 0),
(25, 50, '14219295110.jpg', '2015-01-22 17:55:11', NULL, '1', 0),
(26, 51, '14219295640.jpg', '2015-01-22 17:56:04', NULL, '1', 0),
(27, 52, '14219296240.jpg', '2015-01-22 17:57:04', NULL, '1', 0),
(32, 55, '14219300850.jpg', '2015-01-22 18:04:45', NULL, '1', 0),
(33, 56, '14219301520.jpg', '2015-01-22 18:05:52', NULL, '1', 0),
(34, 57, '14219302410.jpg', '2015-01-22 18:07:21', NULL, '1', 0),
(35, 58, '14219303420.jpg', '2015-01-22 18:09:02', NULL, '1', 0),
(36, 59, '14219304110.jpg', '2015-01-22 18:10:11', NULL, '1', 0),
(38, 61, '14219309290.jpg', '2015-01-22 18:18:49', NULL, '1', 0),
(39, 62, '14219310180.jpg', '2015-01-22 18:20:18', NULL, '1', 0),
(40, 63, '14219310900.jpg', '2015-01-22 18:21:30', NULL, '1', 0),
(41, 64, '14219311480.jpg', '2015-01-22 18:22:28', NULL, '1', 0),
(42, 65, '14219312360.jpg', '2015-01-22 18:23:56', NULL, '1', 0),
(43, 66, '14219313020.jpg', '2015-01-22 18:25:02', NULL, '1', 0),
(44, 67, '14219313590.jpg', '2015-01-22 18:25:59', NULL, '1', 0),
(45, 68, '14219314690.jpg', '2015-01-22 18:27:49', NULL, '1', 0),
(46, 69, '14219315400.jpg', '2015-01-22 18:29:00', NULL, '1', 0),
(47, 70, '14219319590.jpg', '2015-01-22 18:35:59', NULL, '1', 0),
(48, 71, '14219320000.jpg', '2015-01-22 18:36:40', NULL, '1', 0),
(49, 72, '14219321090.jpg', '2015-01-22 18:38:29', NULL, '1', 0),
(50, 73, '14219322080.jpg', '2015-01-22 18:40:08', NULL, '1', 0),
(51, 74, '14219322740.jpg', '2015-01-22 18:41:14', NULL, '1', 0),
(52, 75, '14219323530.jpg', '2015-01-22 18:42:33', NULL, '1', 0),
(53, 75, '14219323531.jpg', '2015-01-22 18:42:33', NULL, '1', 0),
(54, 76, '14219324430.jpg', '2015-01-22 18:44:03', NULL, '1', 0),
(55, 77, '14219325350.jpg', '2015-01-22 18:45:35', NULL, '1', 0),
(56, 78, '14219326090.jpg', '2015-01-22 18:46:49', NULL, '1', 0),
(57, 78, '14219326091.jpg', '2015-01-22 18:46:49', NULL, '1', 0),
(58, 78, '14219326092.jpg', '2015-01-22 18:46:49', NULL, '1', 0),
(59, 79, '14219326760.jpg', '2015-01-22 18:47:56', NULL, '1', 0),
(60, 80, '14219459730.225 km.jpg', '2015-01-22 22:29:33', NULL, '1', 0),
(61, 80, '14219459731.jpg', '2015-01-22 22:29:33', NULL, '1', 0),
(62, 80, '14219459732.jpg', '2015-01-22 22:29:33', NULL, '1', 0),
(63, 80, '14219459733.jpg', '2015-01-22 22:29:33', NULL, '1', 0),
(64, 81, '14219461100.jpg', '2015-01-22 22:31:50', NULL, '1', 0),
(65, 81, '14219461101.jpg', '2015-01-22 22:31:50', NULL, '1', 0),
(66, 81, '14219461102.jpg', '2015-01-22 22:31:50', NULL, '1', 0),
(67, 81, '14219461103.jpg', '2015-01-22 22:31:50', NULL, '1', 0),
(68, 82, '14219462190.jpg', '2015-01-22 22:33:39', NULL, '1', 0),
(69, 83, '14219463080.679 km.jpg', '2015-01-22 22:35:08', NULL, '1', 0),
(70, 84, '14219464010.jpg', '2015-01-22 22:36:41', NULL, '1', 0),
(71, 84, '14219464011.jpg', '2015-01-22 22:36:41', NULL, '1', 0),
(72, 84, '14219464012.jpg', '2015-01-22 22:36:41', NULL, '1', 0),
(73, 84, '14219464013.jpg', '2015-01-22 22:36:41', NULL, '1', 0),
(74, 85, '14219465220.jpg', '2015-01-22 22:38:42', NULL, '1', 0),
(75, 85, '14219465221.jpg', '2015-01-22 22:38:42', NULL, '1', 0),
(76, 85, '14219465222.jpg', '2015-01-22 22:38:42', NULL, '1', 0),
(77, 85, '14219465223.jpg', '2015-01-22 22:38:42', NULL, '1', 0),
(78, 85, '14219465224.jpg', '2015-01-22 22:38:42', NULL, '1', 0),
(79, 86, '14219466310.jpg', '2015-01-22 22:40:31', NULL, '1', 0),
(80, 87, '14219467490.jpg', '2015-01-22 22:42:29', NULL, '1', 0),
(81, 88, '14219468580.jpg', '2015-01-22 22:44:18', NULL, '1', 0),
(82, 88, '14219468581.jpg', '2015-01-22 22:44:18', NULL, '1', 0),
(83, 88, '14219468582.jpg', '2015-01-22 22:44:18', NULL, '1', 0),
(84, 89, '14219469790.jpg', '2015-01-22 22:46:19', NULL, '1', 0),
(85, 89, '14219469791.jpg', '2015-01-22 22:46:19', NULL, '1', 0),
(86, 90, '14220700010.jpg', '2015-01-24 08:56:41', NULL, '1', 0),
(87, 91, '14220702930.jpg', '2015-01-24 09:01:33', NULL, '1', 0),
(88, 91, '14220702931.jpg', '2015-01-24 09:01:33', NULL, '1', 0),
(89, 92, '14220704450.jpg', '2015-01-24 09:04:05', NULL, '1', 0),
(90, 93, '14220705130.jpg', '2015-01-24 09:05:13', NULL, '1', 0),
(91, 94, '14220706320.jpg', '2015-01-24 09:07:12', NULL, '1', 0),
(92, 95, '14220706990.jpg', '2015-01-24 09:08:19', NULL, '1', 0),
(93, 96, '14220707480.jpg', '2015-01-24 09:09:08', NULL, '1', 0),
(94, 97, '14220708310.jpg', '2015-01-24 09:10:31', NULL, '1', 0),
(95, 98, '14220709130.jpg', '2015-01-24 09:11:53', NULL, '1', 0),
(96, 99, '14220709880.jpg', '2015-01-24 09:13:08', NULL, '1', 0),
(97, 100, '14220710650.jpg', '2015-01-24 09:14:25', NULL, '1', 0),
(98, 101, '14220712550.jpg', '2015-01-24 09:17:35', NULL, '1', 0),
(99, 101, '14220712551.jpg', '2015-01-24 09:17:35', NULL, '1', 0),
(100, 102, '14220713470.jpg', '2015-01-24 09:19:07', NULL, '1', 0),
(101, 103, '14220714440.jpg', '2015-01-24 09:20:44', NULL, '1', 0),
(102, 104, '14220714900.jpg', '2015-01-24 09:21:30', NULL, '1', 0),
(103, 105, '14220715390.jpg', '2015-01-24 09:22:19', NULL, '1', 0),
(104, 106, '14220716260.jpg', '2015-01-24 09:23:46', NULL, '1', 0),
(105, 107, '14220717020.jpg', '2015-01-24 09:25:02', NULL, '1', 0),
(106, 108, '14220718150.jpg', '2015-01-24 09:26:55', NULL, '1', 0),
(107, 109, '14220720120.jpg', '2015-01-24 09:30:12', NULL, '1', 0),
(108, 110, '14220720840.jpg', '2015-01-24 09:31:24', NULL, '1', 0),
(109, 111, '14220725440.jpg', '2015-01-24 09:39:04', NULL, '1', 0),
(110, 112, '14220726360.jpg', '2015-01-24 09:40:36', NULL, '1', 0),
(111, 113, '14220726830.jpg', '2015-01-24 09:41:23', NULL, '1', 0),
(112, 114, '14220727410.jpg', '2015-01-24 09:42:21', NULL, '1', 0),
(113, 115, '14220728570.jpg', '2015-01-24 09:44:17', NULL, '1', 0),
(114, 116, '14220729250.jpg', '2015-01-24 09:45:25', NULL, '1', 0),
(115, 117, '14220729810.jpg', '2015-01-24 09:46:21', NULL, '1', 0),
(116, 118, '14220730510.jpg', '2015-01-24 09:47:31', NULL, '1', 0),
(117, 119, '14220732680.jpg', '2015-01-24 09:51:08', NULL, '1', 0),
(118, 120, '14220733660.jpg', '2015-01-24 09:52:46', NULL, '1', 0),
(119, 121, '14220735630.jpg', '2015-01-24 09:56:03', NULL, '1', 0),
(120, 122, '14220736110.jpg', '2015-01-24 09:56:51', NULL, '1', 0),
(121, 123, '14220737650.jpg', '2015-01-24 09:59:25', NULL, '1', 0),
(122, 124, '14220738250.jpg', '2015-01-24 10:00:25', NULL, '1', 0),
(123, 125, '14220740450.jpg', '2015-01-24 10:04:05', NULL, '1', 0),
(124, 126, '14220741160.jpg', '2015-01-24 10:05:16', NULL, '1', 0),
(125, 127, '14220741970.jpg', '2015-01-24 10:06:37', NULL, '1', 0),
(126, 128, '14220742630.jpg', '2015-01-24 10:07:43', NULL, '1', 0),
(127, 129, '14220743300.jpg', '2015-01-24 10:08:50', NULL, '1', 0),
(128, 130, '14220743980.jpg', '2015-01-24 10:09:58', NULL, '1', 0),
(130, 131, '14220747841.jpg', '2015-01-24 10:16:24', NULL, '1', 0),
(131, 132, '14220748500.jpg', '2015-01-24 10:17:30', NULL, '1', 0),
(132, 133, '14220749520.jpg', '2015-01-24 10:19:12', NULL, '1', 0),
(133, 134, '14220749990.jpg', '2015-01-24 10:19:59', NULL, '1', 0),
(134, 135, '14220750690.jpg', '2015-01-24 10:21:09', NULL, '1', 0),
(135, 136, '14220751340.jpg', '2015-01-24 10:22:14', NULL, '1', 0),
(136, 136, '14220751341.jpg', '2015-01-24 10:22:14', NULL, '1', 0),
(137, 137, '14220752160.jpg', '2015-01-24 10:23:36', NULL, '1', 0),
(138, 138, '14220753140.jpg', '2015-01-24 10:25:14', NULL, '1', 0),
(139, 139, '14220754350.jpg', '2015-01-24 10:27:15', NULL, '1', 0),
(140, 140, '14220754870.jpg', '2015-01-24 10:28:07', NULL, '1', 0),
(157, 18, '14223609790.jpg', '2015-01-27 17:46:19', NULL, '1', 0),
(146, 3, '14223439050.jpg', '2015-01-27 13:01:45', NULL, '1', 0),
(147, 3, '14223439051.jpg', '2015-01-27 13:01:45', NULL, '1', 0),
(148, 5, '14223439710.jpg', '2015-01-27 13:02:51', NULL, '1', 0),
(149, 13, '14223440190.jpg', '2015-01-27 13:03:39', NULL, '1', 0),
(150, 14, '14223440580.jpg', '2015-01-27 13:04:18', NULL, '1', 0),
(154, 15, '14223441800.jpg', '2015-01-27 13:06:20', NULL, '1', 0),
(152, 16, '14223441140.jpg', '2015-01-27 13:05:14', NULL, '1', 0),
(153, 17, '14223441450.jpg', '2015-01-27 13:05:45', NULL, '1', 0),
(155, 15, '14223441801.jpg', '2015-01-27 13:06:20', NULL, '1', 0),
(156, 15, '14223441802.jpg', '2015-01-27 13:06:20', NULL, '1', 0),
(159, 20, '14223610650.jpg', '2015-01-27 17:47:45', NULL, '1', 0),
(160, 21, '14223610930.jpg', '2015-01-27 17:48:13', NULL, '1', 0),
(161, 22, '14223611130.jpg', '2015-01-27 17:48:33', NULL, '1', 0),
(162, 23, '14223611350.jpg', '2015-01-27 17:48:55', NULL, '1', 0),
(163, 24, '14223611690.jpg', '2015-01-27 17:49:29', NULL, '1', 0),
(164, 25, '14223611910.jpg', '2015-01-27 17:49:51', NULL, '1', 0),
(165, 26, '14223612270.jpg', '2015-01-27 17:50:27', NULL, '1', 0),
(166, 27, '14223612480.jpg', '2015-01-27 17:50:48', NULL, '1', 0);

-- --------------------------------------------------------

--
-- Table structure for table `tbl_registrations_memberships`
--

DROP TABLE IF EXISTS `tbl_registrations_memberships`;
CREATE TABLE IF NOT EXISTS `tbl_registrations_memberships` (
  `reg_prof_membership_id` int(20) NOT NULL AUTO_INCREMENT,
  `title` varchar(150) NOT NULL,
  `image` varchar(150) NOT NULL,
  `slug` varchar(150) DEFAULT NULL,
  `link` varchar(250) DEFAULT NULL,
  `created_date` datetime DEFAULT NULL,
  `updated_date` datetime DEFAULT NULL,
  `status` enum('0','1') NOT NULL DEFAULT '1',
  `url` varchar(200) DEFAULT NULL,
  `meta_description` longtext,
  `meta_keyword` varchar(200) DEFAULT NULL,
  PRIMARY KEY (`reg_prof_membership_id`)
) ENGINE=MyISAM  DEFAULT CHARSET=latin1 AUTO_INCREMENT=37 ;

--
-- Dumping data for table `tbl_registrations_memberships`
--

INSERT INTO `tbl_registrations_memberships` (`reg_prof_membership_id`, `title`, `image`, `slug`, `link`, `created_date`, `updated_date`, `status`, `url`, `meta_description`, `meta_keyword`) VALUES
(34, 'Kuwait Fund for Arab Development', '1421847301.jpg', 'kuwait-fund-for-arab-development', '', '2015-01-21 17:12:35', '2015-01-21 19:05:01', '1', '', '', ''),
(33, 'American Society of Civil Engineers', '1421848186.jpg', 'american-society-of-civil-engineers', '', '2015-01-21 17:11:33', '2015-01-21 19:19:46', '1', '', '', ''),
(32, 'American Concrete Institute', '1421848202.jpg', 'american-concrete-institute', '', '2015-01-21 17:10:42', '2015-01-21 19:20:02', '1', '', '', ''),
(31, 'Concrete Society, London', '1421848217.jpg', 'concrete-society-london', '', '2015-01-21 17:10:13', '2015-01-21 19:20:17', '1', '', '', ''),
(30, 'Institution of Civil Engineers, United Kingdom', '1421848251.jpg', 'institution-of-civil-engineers-united-kingdom', '', '2015-01-21 17:09:31', '2015-01-21 19:20:51', '1', '', '', ''),
(29, 'International Association for Bridge and Structural Engineering (IABSE)', '1421848264.jpg', 'international-association-for-bridge-and-structural-engineering-(iabse)', '', '2015-01-21 17:09:04', '2015-01-21 19:21:04', '1', '', '', ''),
(22, 'JBIC, Japan', '1421848280.jpg', 'jbic-japan', '', '2015-01-21 16:58:29', '2015-01-21 19:21:20', '1', '', '', ''),
(23, 'African Development Bank', '1421848299.jpg', 'african-development-bank', '', '2015-01-21 16:59:06', '2015-01-21 19:21:39', '1', '', '', ''),
(25, 'United Nations Industrial Development', '1421840134.png', 'united-nations-industrial-development', '', '2015-01-21 17:05:34', NULL, '1', '', '', ''),
(26, 'International Labour Organisation', '1421848321.jpg', 'international-labour-organisation', '', '2015-01-21 17:06:55', '2015-01-21 19:22:01', '1', '', '', ''),
(27, 'World Health Organisation', '1421848346.jpg', 'world-health-organisation', '', '2015-01-21 17:07:48', '2015-01-21 19:22:26', '1', '', '', ''),
(28, ' Federation Internationale de Beton ( FIB)', '1421848363.jpg', 'federation-internationale-de-beton-(-fib)', '', '2015-01-21 17:08:15', '2015-01-21 19:22:43', '1', '', '', ''),
(20, 'World Bank', '1421839653.png', 'world-bank', '', '2015-01-21 16:57:33', '2015-01-21 17:01:55', '1', '', '', ''),
(21, 'Asian Development Bank', '1421839680.png', 'asian-development-bank', '', '2015-01-21 16:58:00', NULL, '1', '', '', ''),
(35, 'Abu Dhabi National Oil Company (ADNOC)', '1421848386.jpg', 'abu-dhabi-national-oil-company-(adnoc)', '', '2015-01-21 17:13:08', '2015-01-21 19:23:06', '1', '', '', ''),
(36, 'Petroleum Development, Oman (PDO)', '1421848445.jpg', 'petroleum-development-oman-(pdo)', '', '2015-01-21 17:13:34', '2015-01-21 19:24:05', '1', '', '', '');

-- --------------------------------------------------------

--
-- Table structure for table `tbl_role`
--

DROP TABLE IF EXISTS `tbl_role`;
CREATE TABLE IF NOT EXISTS `tbl_role` (
  `id` int(11) NOT NULL AUTO_INCREMENT,
  `name` varchar(55) DEFAULT NULL,
  `description` text,
  `status` enum('active','inactive') DEFAULT NULL,
  `created` datetime DEFAULT NULL,
  `modified` datetime DEFAULT NULL,
  PRIMARY KEY (`id`)
) ENGINE=InnoDB  DEFAULT CHARSET=latin1 AUTO_INCREMENT=16 ;

--
-- Dumping data for table `tbl_role`
--

INSERT INTO `tbl_role` (`id`, `name`, `description`, `status`, `created`, `modified`) VALUES
(1, 'Admin', '', 'active', '2012-01-19 18:38:46', '2013-03-15 14:30:00'),
(15, 'sysadmin', 'sysadmin', 'active', '2014-12-18 13:54:50', '2014-12-18 13:54:50');

-- --------------------------------------------------------

--
-- Table structure for table `tbl_role_permission`
--

DROP TABLE IF EXISTS `tbl_role_permission`;
CREATE TABLE IF NOT EXISTS `tbl_role_permission` (
  `rolePermissionID` int(11) NOT NULL AUTO_INCREMENT,
  `roleID` int(11) DEFAULT NULL,
  `permissionName` text,
  `created` datetime DEFAULT NULL,
  PRIMARY KEY (`rolePermissionID`)
) ENGINE=InnoDB  DEFAULT CHARSET=latin1 AUTO_INCREMENT=6 ;

--
-- Dumping data for table `tbl_role_permission`
--

INSERT INTO `tbl_role_permission` (`rolePermissionID`, `roleID`, `permissionName`, `created`) VALUES
(1, 1, '.Admin.Admin,.Admin.View,.Admin.Create,.Admin.Update,.Admin.Delete,.Config.View,.Config.Create,.Config.Update,.Config.Delete,.Config.Index,.Config.Admin,.MainMenu.View,.MainMenu.Create,.MainMenu.Update,.MainMenu.Delete,.MainMenu.Index,.MainMenu.Admin,.Menus.View,.Menus.Create,.Menus.Update,.Menus.Delete,.Menus.Index,.Menus.Admin,.Menus.Sort,.Menus.Sortitems,.Profile.Profile,.Profile.Edit,.Profile.Changepassword,.Role.Create,.Role.ManageRole,.Role.Delete,.Role.Update,.RolePermission.Create,.RolePermission.Update,.RolePermission.Delete,.RolePermission.Index,.RolePermission.Admin,.Site.Index,.Site.Error,.Site.Login,.Site.Logout,.Site.Clearassets,.Site.Clearcache,.Site.Dbbackup', '2013-03-11 18:14:38'),
(5, 15, '.Clients.View,.Clients.Create,.Clients.Update,.Clients.Delete,.Clients.Index,.Clients.Admin,.Clients.Makeinactive,.Clients.Makeactive,.Frontpagesliderimage.View,.Frontpagesliderimage.Create,.Frontpagesliderimage.Update,.Frontpagesliderimage.Delete,.Frontpagesliderimage.Index,.Frontpagesliderimage.Admin,.Frontpagesliderimage.Makeinactive,.Frontpagesliderimage.Makeactive,.Json.Pages,.Json.Services,.Json.Sectors,.Json.Projects,.Json.Homepageslider,.Json.Sectorbanners,.Json.Pagebanners,.Json.Staticpageblock,.Json.Registrationsmemberships,.Pagebanner.View,.Pagebanner.Create,.Pagebanner.Update,.Pagebanner.Delete,.Pagebanner.Index,.Pagebanner.Admin,.Pagebanner.Makeinactive,.Pagebanner.Makeactive,.Pagemaster.View,.Pagemaster.Create,.Pagemaster.Update,.Pagemaster.Delete,.Pagemaster.Index,.Pagemaster.Admin,.Pagemaster.Makeinactive,.Pagemaster.Makeactive,.Profile.Changepassword,.Projects.View,.Projects.Create,.Projects.Update,.Projects.Delete,.Projects.Index,.Projects.Admin,.Projects.Makeinactive,.Projects.Makeactive,.Projects.Delete_projimage,.Projects.Getslideroption,.Projects.Viewallimages,.Projects.Sortitems,.Projects.Makeinactive_projimage,.Projects.Makeactive_projimage,.Registrationsmemberships.View,.Registrationsmemberships.Create,.Registrationsmemberships.Update,.Registrationsmemberships.Delete,.Registrationsmemberships.Index,.Registrationsmemberships.Admin,.Registrationsmemberships.Makeinactive,.Registrationsmemberships.Makeactive,.Sectorbanners.View,.Sectorbanners.Create,.Sectorbanners.Update,.Sectorbanners.Delete,.Sectorbanners.Index,.Sectorbanners.Admin,.Sectorbanners.Makeinactive,.Sectorbanners.Makeactive,.Sectors.View,.Sectors.Create,.Sectors.Update,.Sectors.Delete,.Sectors.Index,.Sectors.Admin,.Sectors.Makeinactive,.Sectors.Makeactive,.Services.View,.Services.Create,.Services.Update,.Services.Delete,.Services.Index,.Services.Admin,.Services.Makeinactive,.Services.Makeactive,.Staticpageblock.View,.Staticpageblock.Create,.Staticpageblock.Update,.Staticpageblock.Delete,.Staticpageblock.Index,.Staticpageblock.Admin,.Staticpageblock.Makeinactive,.Staticpageblock.Makeactive', '2014-12-18 15:02:12');

-- --------------------------------------------------------

--
-- Table structure for table `tbl_sectors`
--

DROP TABLE IF EXISTS `tbl_sectors`;
CREATE TABLE IF NOT EXISTS `tbl_sectors` (
  `sector_id` int(20) NOT NULL AUTO_INCREMENT,
  `title` varchar(150) NOT NULL,
  `description` longtext NOT NULL,
  `image` varchar(200) NOT NULL,
  `thumbnail_image` varchar(200) NOT NULL,
  `slider_option` enum('horizontal','vertical') NOT NULL DEFAULT 'horizontal',
  `slug` varchar(150) DEFAULT NULL,
  `created_date` datetime DEFAULT NULL,
  `updated_date` datetime DEFAULT NULL,
  `status` enum('0','1') NOT NULL DEFAULT '1',
  `url` varchar(200) DEFAULT NULL,
  `meta_description` longtext,
  `meta_keyword` varchar(200) DEFAULT NULL,
  `position` int(20) DEFAULT '1',
  PRIMARY KEY (`sector_id`)
) ENGINE=MyISAM  DEFAULT CHARSET=latin1 AUTO_INCREMENT=13 ;

--
-- Dumping data for table `tbl_sectors`
--

INSERT INTO `tbl_sectors` (`sector_id`, `title`, `description`, `image`, `thumbnail_image`, `slider_option`, `slug`, `created_date`, `updated_date`, `status`, `url`, `meta_description`, `meta_keyword`, `position`) VALUES
(1, 'Airports & Aviation', '<p>\r\n	STUP Consultants Pvt. Ltd. (SCPL) offers comprehensive design and project management consultancy services in the field of Airports and Aviation. &nbsp;SCPL has expertise in Techno-Economic Feasibility studies and Master Planning of Airport Infrastructure, including Airside and Landside Infrastructure design as well as the design of integrated Terminal Buildings catering to international and domestic traffic, the design of Air Traffic Control Towers, Ground Handling Facilities, and Cargo Terminals, including Logistic Facilities for Storage and Warehousing.</p>\r\n<p>\r\n	STUP has executed prestigious projects in the design of aviation maintenance facilities, including the design of the HAL (Hindustan Aeronautics) Complex at Bangalore, where aircrafts are designed, developed and maintained indigenously. SCPL has significant expertise in the design of large span Hangars and Airport Maintenance Facilities, including the world record 62 m span RCC Cantilever Hangar designed for Indian Airlines at Santacruz Airport, Mumbai. &nbsp;SCPL followed up this landmark project with a 93.4 m span hangar designed in steel for Air India at the Chatrapathi Shivaji Terminal in Mumbai, which was the largest single span steel cantilever structure in the world at the time.</p>\r\n<p>\r\n	SCPL designed the Hangar for Twin Jumbo jet aircraft at Mumbai Airport, with a record 138m x 80 m span, designed in a triple space frame structure which incorporated suspended docks, for maintenance. &nbsp;This was considered a most innovative and path breaking project in the field of Aviation.</p>\r\n<p>\r\n	SCPL has considerable International &nbsp;Expertise &nbsp;in the Airports and Aviation sector, commencing with the design of Airside &nbsp;Facilities &nbsp;in Iran, &nbsp;to the &nbsp;most exquisite &nbsp;Terminal &nbsp;Buildings &nbsp;in Benghazi &nbsp;and &nbsp;Sheba (Libya).</p>\r\n<p>\r\n	Amongst STUP&#39;s significant projects is the Master planning and Comprehensive Design of the Hyderabad International Airport, which was India&rsquo;s first PPP airport complex and is rated amongst the Top 5 Airports in the world. &nbsp;The design of the terminal &nbsp;building for the Hyderabad &nbsp;International &nbsp;airport has won several international &nbsp;awards &nbsp;and is a salient example &nbsp;of &nbsp;a sustainably &nbsp;designed &nbsp;green field airport. &nbsp;This airport was designed and constructed in a world record time. &nbsp;STUP supported one of the significant PPP bidders for the Mumbai and Delhi airports, undertook the Feasibility and Master Planning for the new Mhopa Airport in Goa, and executed comprehensive airport facilities in Sindhudurg as well as in Durgapur.</p>\r\n<p>\r\n	SCPL has completed the expansion of Bangalore International Airport. &nbsp;It is also executing the airside and cityside infrastructure for the entire Bangalore Airport complex and is designing the new Airport at Agatti in Lakshwadeep.</p>\r\n', '1421906204.jpg', '1421835691.jpg', 'horizontal', 'airports-and-aviation', '2015-01-05 11:08:04', '2015-01-29 15:33:14', '1', '', '', '', 1),
(2, 'Urban, Rural and Industrial Development including all Types of Buildings', '<p>\r\n	Lorem Ipsum is simply dummy text of the printing and typesetting industry. Lorem Ipsum has been the industry&amp;#39;s standard dummy text ever since the 1500s, when an unknown printer took a galley of type and scrambled it to make a type specimen book. It has survived not only five centuries, but also the leap into electronic typesetting, remaining essentially unchanged. It was popularised in the 1960s with the release of Letraset sheets containing Lorem Ipsum passages, and more recently with desktop publishing software like Aldus PageMaker including versions of Lorem Ipsum.</p>\r\n', '1421906225.jpg', '1421753733.jpg', 'horizontal', 'urban-rural-and-industrial-development-including-all-types-of-buildings', '2015-01-05 11:08:47', '2015-01-24 10:13:48', '1', '', '', '', 2),
(4, 'Environmental and Public Health Engineering', '<p class="MsoNormal" style="margin-top:6.0pt;margin-right:0cm;margin-bottom:6.0pt;\r\nmargin-left:0cm;text-align:justify;mso-layout-grid-align:none;text-autospace:\r\nnone">\r\n	<span style="color:black;mso-bidi-language:MR">STUP Consultants has been involved in a wide range of hydel structures, public health, irrigation, environmental engineering and water resources projects.</span><span style="mso-bidi-language:MR"><o:p></o:p></span></p>\r\n<p class="MsoNormal" style="margin-top:6.0pt;margin-right:0cm;margin-bottom:6.0pt;\r\nmargin-left:0cm;text-align:justify;mso-layout-grid-align:none;text-autospace:\r\nnone">\r\n	<span style="mso-bidi-language:MR">These projects include:<o:p></o:p></span></p>\r\n<p class="MsoNormal" style="margin-top:6.0pt;margin-right:0cm;margin-bottom:6.0pt;\r\nmargin-left:36.0pt;text-align:justify;text-indent:-18.0pt;mso-list:l0 level1 lfo1;\r\ntab-stops:14.15pt;mso-layout-grid-align:none;text-autospace:none">\r\n<!--[if !supportLists]-->	<span style="font-family:Symbol;mso-fareast-font-family:Symbol;mso-bidi-font-family:\r\nSymbol;mso-bidi-language:MR"><span style="mso-list:Ignore">&middot;<span style="font:7.0pt &quot;Times New Roman&quot;">&nbsp;&nbsp;&nbsp;&nbsp;&nbsp; </span></span></span><!--[endif]--><span style="mso-bidi-language:MR">Water resource studies and the design of&nbsp;various types of systems for collection and storage<span style="mso-spacerun:yes">&nbsp; </span>of<span style="mso-spacerun:yes">&nbsp; </span>water including dams, underground, surface and overhead reservoirs, intake systems from lakes, rivers, the sea, and pumping stations. <o:p></o:p></span></p>\r\n<p class="MsoNormal" style="margin-top:6.0pt;margin-right:0cm;margin-bottom:6.0pt;\r\nmargin-left:36.0pt;text-align:justify;text-indent:-18.0pt;mso-list:l0 level1 lfo1;\r\ntab-stops:14.15pt;mso-layout-grid-align:none;text-autospace:none">\r\n<!--[if !supportLists]-->	<span style="font-family:Symbol;mso-fareast-font-family:Symbol;mso-bidi-font-family:\r\nSymbol;mso-bidi-language:MR"><span style="mso-list:Ignore">&middot;<span style="font:7.0pt &quot;Times New Roman&quot;">&nbsp;&nbsp;&nbsp;&nbsp;&nbsp; </span></span></span><!--[endif]--><span style="mso-bidi-language:MR">Process design of water treatment and desalinisation<o:p></o:p></span></p>\r\n<p class="MsoNormal" style="margin-top:6.0pt;margin-right:0cm;margin-bottom:6.0pt;\r\nmargin-left:36.0pt;text-align:justify;text-indent:-18.0pt;mso-list:l0 level1 lfo1;\r\ntab-stops:14.15pt;mso-layout-grid-align:none;text-autospace:none">\r\n<!--[if !supportLists]-->	<span style="font-family:Symbol;mso-fareast-font-family:Symbol;mso-bidi-font-family:\r\nSymbol;mso-bidi-language:MR"><span style="mso-list:Ignore">&middot;<span style="font:7.0pt &quot;Times New Roman&quot;">&nbsp;&nbsp;&nbsp;&nbsp;&nbsp; </span></span></span><!--[endif]--><span style="mso-bidi-language:MR">Water distribution and sewage disposal systems including outfalls into rivers and the sea.<o:p></o:p></span></p>\r\n<p class="MsoNormal" style="margin-top:6.0pt;margin-right:0cm;margin-bottom:6.0pt;\r\nmargin-left:36.0pt;text-align:justify;text-indent:-18.0pt;mso-list:l0 level1 lfo1;\r\ntab-stops:14.15pt;mso-layout-grid-align:none;text-autospace:none">\r\n<!--[if !supportLists]-->	<span style="font-family:Symbol;mso-fareast-font-family:Symbol;mso-bidi-font-family:\r\nSymbol;mso-bidi-language:MR"><span style="mso-list:Ignore">&middot;<span style="font:7.0pt &quot;Times New Roman&quot;">&nbsp;&nbsp;&nbsp;&nbsp;&nbsp; </span></span></span><!--[endif]--><span style="mso-bidi-language:MR">Sewage and effluent collection networks, pumping stations and storage reservoirs.<o:p></o:p></span></p>\r\n<p class="MsoNormal" style="margin-top:6.0pt;margin-right:0cm;margin-bottom:6.0pt;\r\nmargin-left:36.0pt;text-align:justify;text-indent:-18.0pt;mso-list:l0 level1 lfo1;\r\ntab-stops:14.15pt;mso-layout-grid-align:none;text-autospace:none">\r\n<!--[if !supportLists]-->	<span style="font-family:Symbol;mso-fareast-font-family:Symbol;mso-bidi-font-family:\r\nSymbol;mso-bidi-language:MR"><span style="mso-list:Ignore">&middot;<span style="font:7.0pt &quot;Times New Roman&quot;">&nbsp;&nbsp;&nbsp;&nbsp;&nbsp; </span></span></span><!--[endif]--><span style="mso-bidi-language:MR">Major&nbsp;&nbsp;or minor irrigation projects and structures for<span style="mso-spacerun:yes">&nbsp; </span>hydel projects: any type of dam from the small wier to the large earthen, concrete, mansonry or composite dam, aqueducts, syphons, canals and canal regulatory works. Intake structures, tunnels, surge shafts, penstocks, power houses, etc.<o:p></o:p></span></p>\r\n<p class="MsoNormal" style="margin-top:6.0pt;margin-right:0cm;margin-bottom:6.0pt;\r\nmargin-left:36.0pt;text-align:justify;text-indent:-18.0pt;mso-list:l0 level1 lfo1;\r\ntab-stops:14.15pt;mso-layout-grid-align:none;text-autospace:none">\r\n<!--[if !supportLists]-->	<span style="font-family:Symbol;mso-fareast-font-family:Symbol;mso-bidi-font-family:\r\nSymbol;mso-bidi-language:MR"><span style="mso-list:Ignore">&middot;<span style="font:7.0pt &quot;Times New Roman&quot;">&nbsp;&nbsp;&nbsp;&nbsp;&nbsp; </span></span></span><!--[endif]--><span style="mso-bidi-language:MR">Collection, treatment and disposal of sewage and industrial effluent, sewage and effluent treatment plants complete with structure, storm water drainage and outfalls.<o:p></o:p></span></p>\r\n<p class="MsoNormal" style="margin-top:6.0pt;margin-right:0cm;margin-bottom:6.0pt;\r\nmargin-left:36.0pt;text-align:justify;text-indent:-18.0pt;mso-list:l0 level1 lfo1;\r\ntab-stops:14.15pt;mso-layout-grid-align:none;text-autospace:none">\r\n<!--[if !supportLists]-->	<span style="font-family:Symbol;mso-fareast-font-family:Symbol;mso-bidi-font-family:\r\nSymbol;mso-bidi-language:MR"><span style="mso-list:Ignore">&middot;<span style="font:7.0pt &quot;Times New Roman&quot;">&nbsp;&nbsp;</span></span></span><span style="mso-bidi-language:MR">Application of specialised techniques for reservoir construction like slipforming of shafts, precasting and lifting of overhead reservoirs.<o:p></o:p></span></p>\r\n<p>\r\n<!--[if gte mso 9]><xml>\r\n <o:OfficeDocumentSettings>\r\n  <o:PixelsPerInch>96</o:PixelsPerInch>\r\n  <o:TargetScreenSize>800x600</o:TargetScreenSize>\r\n </o:OfficeDocumentSettings>\r\n</xml><![endif]--><!--[if gte mso 9]><xml>\r\n <w:WordDocument>\r\n  <w:View>Normal</w:View>\r\n  <w:Zoom>0</w:Zoom>\r\n  <w:TrackMoves/>\r\n  <w:TrackFormatting/>\r\n  <w:PunctuationKerning/>\r\n  <w:ValidateAgainstSchemas/>\r\n  <w:SaveIfXMLInvalid>false</w:SaveIfXMLInvalid>\r\n  <w:IgnoreMixedContent>false</w:IgnoreMixedContent>\r\n  <w:AlwaysShowPlaceholderText>false</w:AlwaysShowPlaceholderText>\r\n  <w:DoNotPromoteQF/>\r\n  <w:LidThemeOther>EN-US</w:LidThemeOther>\r\n  <w:LidThemeAsian>JA</w:LidThemeAsian>\r\n  <w:LidThemeComplexScript>X-NONE</w:LidThemeComplexScript>\r\n  <w:Compatibility>\r\n   <w:BreakWrappedTables/>\r\n   <w:SnapToGridInCell/>\r\n   <w:WrapTextWithPunct/>\r\n   <w:UseAsianBreakRules/>\r\n   <w:DontGrowAutofit/>\r\n   <w:SplitPgBreakAndParaMark/>\r\n   <w:EnableOpenTypeKerning/>\r\n   <w:DontFlipMirrorIndents/>\r\n   <w:OverrideTableStyleHps/>\r\n  </w:Compatibility>\r\n  <m:mathPr>\r\n   <m:mathFont m:val="Cambria Math"/>\r\n   <m:brkBin m:val="before"/>\r\n   <m:brkBinSub m:val="&#45;-"/>\r\n   <m:smallFrac m:val="off"/>\r\n   <m:dispDef/>\r\n   <m:lMargin m:val="0"/>\r\n   <m:rMargin m:val="0"/>\r\n   <m:defJc m:val="centerGroup"/>\r\n   <m:wrapIndent m:val="1440"/>\r\n   <m:intLim m:val="subSup"/>\r\n   <m:naryLim m:val="undOvr"/>\r\n  </m:mathPr></w:WordDocument>\r\n</xml><![endif]--><!--[if gte mso 9]><xml>\r\n <w:LatentStyles DefLockedState="false" DefUnhideWhenUsed="true"\r\n  DefSemiHidden="true" DefQFormat="false" DefPriority="99"\r\n  LatentStyleCount="276">\r\n  <w:LsdException Locked="false" Priority="0" SemiHidden="false"\r\n   UnhideWhenUsed="false" QFormat="true" Name="Normal"/>\r\n  <w:LsdException Locked="false" Priority="9" SemiHidden="false"\r\n   UnhideWhenUsed="false" QFormat="true" Name="heading 1"/>\r\n  <w:LsdException Locked="false" Priority="9" QFormat="true" Name="heading 2"/>\r\n  <w:LsdException Locked="false" Priority="9" QFormat="true" Name="heading 3"/>\r\n  <w:LsdException Locked="false" Priority="9" QFormat="true" Name="heading 4"/>\r\n  <w:LsdException Locked="false" Priority="9" QFormat="true" Name="heading 5"/>\r\n  <w:LsdException Locked="false" Priority="9" QFormat="true" Name="heading 6"/>\r\n  <w:LsdException Locked="false" Priority="9" QFormat="true" Name="heading 7"/>\r\n  <w:LsdException Locked="false" Priority="9" QFormat="true" Name="heading 8"/>\r\n  <w:LsdException Locked="false" Priority="9" QFormat="true" Name="heading 9"/>\r\n  <w:LsdException Locked="false" Priority="39" Name="toc 1"/>\r\n  <w:LsdException Locked="false" Priority="39" Name="toc 2"/>\r\n  <w:LsdException Locked="false" Priority="39" Name="toc 3"/>\r\n  <w:LsdException Locked="false" Priority="39" Name="toc 4"/>\r\n  <w:LsdException Locked="false" Priority="39" Name="toc 5"/>\r\n  <w:LsdException Locked="false" Priority="39" Name="toc 6"/>\r\n  <w:LsdException Locked="false" Priority="39" Name="toc 7"/>\r\n  <w:LsdException Locked="false" Priority="39" Name="toc 8"/>\r\n  <w:LsdException Locked="false" Priority="39" Name="toc 9"/>\r\n  <w:LsdException Locked="false" Priority="35" QFormat="true" Name="caption"/>\r\n  <w:LsdException Locked="false" Priority="10" SemiHidden="false"\r\n   UnhideWhenUsed="false" QFormat="true" Name="Title"/>\r\n  <w:LsdException Locked="false" Priority="1" Name="Default Paragraph Font"/>\r\n  <w:LsdException Locked="false" Priority="11" SemiHidden="false"\r\n   UnhideWhenUsed="false" QFormat="true" Name="Subtitle"/>\r\n  <w:LsdException Locked="false" Priority="22" SemiHidden="false"\r\n   UnhideWhenUsed="false" QFormat="true" Name="Strong"/>\r\n  <w:LsdException Locked="false" Priority="20" SemiHidden="false"\r\n   UnhideWhenUsed="false" QFormat="true" Name="Emphasis"/>\r\n  <w:LsdException Locked="false" Priority="59" SemiHidden="false"\r\n   UnhideWhenUsed="false" Name="Table Grid"/>\r\n  <w:LsdException Locked="false" UnhideWhenUsed="false" Name="Placeholder Text"/>\r\n  <w:LsdException Locked="false" Priority="1" SemiHidden="false"\r\n   UnhideWhenUsed="false" QFormat="true" Name="No Spacing"/>\r\n  <w:LsdException Locked="false" Priority="60" SemiHidden="false"\r\n   UnhideWhenUsed="false" Name="Light Shading"/>\r\n  <w:LsdException Locked="false" Priority="61" SemiHidden="false"\r\n   UnhideWhenUsed="false" Name="Light List"/>\r\n  <w:LsdException Locked="false" Priority="62" SemiHidden="false"\r\n   UnhideWhenUsed="false" Name="Light Grid"/>\r\n  <w:LsdException Locked="false" Priority="63" SemiHidden="false"\r\n   UnhideWhenUsed="false" Name="Medium Shading 1"/>\r\n  <w:LsdException Locked="false" Priority="64" SemiHidden="false"\r\n   UnhideWhenUsed="false" Name="Medium Shading 2"/>\r\n  <w:LsdException Locked="false" Priority="65" SemiHidden="false"\r\n   UnhideWhenUsed="false" Name="Medium List 1"/>\r\n  <w:LsdException Locked="false" Priority="66" SemiHidden="false"\r\n   UnhideWhenUsed="false" Name="Medium List 2"/>\r\n  <w:LsdException Locked="false" Priority="67" SemiHidden="false"\r\n   UnhideWhenUsed="false" Name="Medium Grid 1"/>\r\n  <w:LsdException Locked="false" Priority="68" SemiHidden="false"\r\n   UnhideWhenUsed="false" Name="Medium Grid 2"/>\r\n  <w:LsdException Locked="false" Priority="69" SemiHidden="false"\r\n   UnhideWhenUsed="false" Name="Medium Grid 3"/>\r\n  <w:LsdException Locked="false" Priority="70" SemiHidden="false"\r\n   UnhideWhenUsed="false" Name="Dark List"/>\r\n  <w:LsdException Locked="false" Priority="71" SemiHidden="false"\r\n   UnhideWhenUsed="false" Name="Colorful Shading"/>\r\n  <w:LsdException Locked="false" Priority="72" SemiHidden="false"\r\n   UnhideWhenUsed="false" Name="Colorful List"/>\r\n  <w:LsdException Locked="false" Priority="73" SemiHidden="false"\r\n   UnhideWhenUsed="false" Name="Colorful Grid"/>\r\n  <w:LsdException Locked="false" Priority="60" SemiHidden="false"\r\n   UnhideWhenUsed="false" Name="Light Shading Accent 1"/>\r\n  <w:LsdException Locked="false" Priority="61" SemiHidden="false"\r\n   UnhideWhenUsed="false" Name="Light List Accent 1"/>\r\n  <w:LsdException Locked="false" Priority="62" SemiHidden="false"\r\n   UnhideWhenUsed="false" Name="Light Grid Accent 1"/>\r\n  <w:LsdException Locked="false" Priority="63" SemiHidden="false"\r\n   UnhideWhenUsed="false" Name="Medium Shading 1 Accent 1"/>\r\n  <w:LsdException Locked="false" Priority="64" SemiHidden="false"\r\n   UnhideWhenUsed="false" Name="Medium Shading 2 Accent 1"/>\r\n  <w:LsdException Locked="false" Priority="65" SemiHidden="false"\r\n   UnhideWhenUsed="false" Name="Medium List 1 Accent 1"/>\r\n  <w:LsdException Locked="false" UnhideWhenUsed="false" Name="Revision"/>\r\n  <w:LsdException Locked="false" Priority="34" SemiHidden="false"\r\n   UnhideWhenUsed="false" QFormat="true" Name="List Paragraph"/>\r\n  <w:LsdException Locked="false" Priority="29" SemiHidden="false"\r\n   UnhideWhenUsed="false" QFormat="true" Name="Quote"/>\r\n  <w:LsdException Locked="false" Priority="30" SemiHidden="false"\r\n   UnhideWhenUsed="false" QFormat="true" Name="Intense Quote"/>\r\n  <w:LsdException Locked="false" Priority="66" SemiHidden="false"\r\n   UnhideWhenUsed="false" Name="Medium List 2 Accent 1"/>\r\n  <w:LsdException Locked="false" Priority="67" SemiHidden="false"\r\n   UnhideWhenUsed="false" Name="Medium Grid 1 Accent 1"/>\r\n  <w:LsdException Locked="false" Priority="68" SemiHidden="false"\r\n   UnhideWhenUsed="false" Name="Medium Grid 2 Accent 1"/>\r\n  <w:LsdException Locked="false" Priority="69" SemiHidden="false"\r\n   UnhideWhenUsed="false" Name="Medium Grid 3 Accent 1"/>\r\n  <w:LsdException Locked="false" Priority="70" SemiHidden="false"\r\n   UnhideWhenUsed="false" Name="Dark List Accent 1"/>\r\n  <w:LsdException Locked="false" Priority="71" SemiHidden="false"\r\n   UnhideWhenUsed="false" Name="Colorful Shading Accent 1"/>\r\n  <w:LsdException Locked="false" Priority="72" SemiHidden="false"\r\n   UnhideWhenUsed="false" Name="Colorful List Accent 1"/>\r\n  <w:LsdException Locked="false" Priority="73" SemiHidden="false"\r\n   UnhideWhenUsed="false" Name="Colorful Grid Accent 1"/>\r\n  <w:LsdException Locked="false" Priority="60" SemiHidden="false"\r\n   UnhideWhenUsed="false" Name="Light Shading Accent 2"/>\r\n  <w:LsdException Locked="false" Priority="61" SemiHidden="false"\r\n   UnhideWhenUsed="false" Name="Light List Accent 2"/>\r\n  <w:LsdException Locked="false" Priority="62" SemiHidden="false"\r\n   UnhideWhenUsed="false" Name="Light Grid Accent 2"/>\r\n  <w:LsdException Locked="false" Priority="63" SemiHidden="false"\r\n   UnhideWhenUsed="false" Name="Medium Shading 1 Accent 2"/>\r\n  <w:LsdException Locked="false" Priority="64" SemiHidden="false"\r\n   UnhideWhenUsed="false" Name="Medium Shading 2 Accent 2"/>\r\n  <w:LsdException Locked="false" Priority="65" SemiHidden="false"\r\n   UnhideWhenUsed="false" Name="Medium List 1 Accent 2"/>\r\n  <w:LsdException Locked="false" Priority="66" SemiHidden="false"\r\n   UnhideWhenUsed="false" Name="Medium List 2 Accent 2"/>\r\n  <w:LsdException Locked="false" Priority="67" SemiHidden="false"\r\n   UnhideWhenUsed="false" Name="Medium Grid 1 Accent 2"/>\r\n  <w:LsdException Locked="false" Priority="68" SemiHidden="false"\r\n   UnhideWhenUsed="false" Name="Medium Grid 2 Accent 2"/>\r\n  <w:LsdException Locked="false" Priority="69" SemiHidden="false"\r\n   UnhideWhenUsed="false" Name="Medium Grid 3 Accent 2"/>\r\n  <w:LsdException Locked="false" Priority="70" SemiHidden="false"\r\n   UnhideWhenUsed="false" Name="Dark List Accent 2"/>\r\n  <w:LsdException Locked="false" Priority="71" SemiHidden="false"\r\n   UnhideWhenUsed="false" Name="Colorful Shading Accent 2"/>\r\n  <w:LsdException Locked="false" Priority="72" SemiHidden="false"\r\n   UnhideWhenUsed="false" Name="Colorful List Accent 2"/>\r\n  <w:LsdException Locked="false" Priority="73" SemiHidden="false"\r\n   UnhideWhenUsed="false" Name="Colorful Grid Accent 2"/>\r\n  <w:LsdException Locked="false" Priority="60" SemiHidden="false"\r\n   UnhideWhenUsed="false" Name="Light Shading Accent 3"/>\r\n  <w:LsdException Locked="false" Priority="61" SemiHidden="false"\r\n   UnhideWhenUsed="false" Name="Light List Accent 3"/>\r\n  <w:LsdException Locked="false" Priority="62" SemiHidden="false"\r\n   UnhideWhenUsed="false" Name="Light Grid Accent 3"/>\r\n  <w:LsdException Locked="false" Priority="63" SemiHidden="false"\r\n   UnhideWhenUsed="false" Name="Medium Shading 1 Accent 3"/>\r\n  <w:LsdException Locked="false" Priority="64" SemiHidden="false"\r\n   UnhideWhenUsed="false" Name="Medium Shading 2 Accent 3"/>\r\n  <w:LsdException Locked="false" Priority="65" SemiHidden="false"\r\n   UnhideWhenUsed="false" Name="Medium List 1 Accent 3"/>\r\n  <w:LsdException Locked="false" Priority="66" SemiHidden="false"\r\n   UnhideWhenUsed="false" Name="Medium List 2 Accent 3"/>\r\n  <w:LsdException Locked="false" Priority="67" SemiHidden="false"\r\n   UnhideWhenUsed="false" Name="Medium Grid 1 Accent 3"/>\r\n  <w:LsdException Locked="false" Priority="68" SemiHidden="false"\r\n   UnhideWhenUsed="false" Name="Medium Grid 2 Accent 3"/>\r\n  <w:LsdException Locked="false" Priority="69" SemiHidden="false"\r\n   UnhideWhenUsed="false" Name="Medium Grid 3 Accent 3"/>\r\n  <w:LsdException Locked="false" Priority="70" SemiHidden="false"\r\n   UnhideWhenUsed="false" Name="Dark List Accent 3"/>\r\n  <w:LsdException Locked="false" Priority="71" SemiHidden="false"\r\n   UnhideWhenUsed="false" Name="Colorful Shading Accent 3"/>\r\n  <w:LsdException Locked="false" Priority="72" SemiHidden="false"\r\n   UnhideWhenUsed="false" Name="Colorful List Accent 3"/>\r\n  <w:LsdException Locked="false" Priority="73" SemiHidden="false"\r\n   UnhideWhenUsed="false" Name="Colorful Grid Accent 3"/>\r\n  <w:LsdException Locked="false" Priority="60" SemiHidden="false"\r\n   UnhideWhenUsed="false" Name="Light Shading Accent 4"/>\r\n  <w:LsdException Locked="false" Priority="61" SemiHidden="false"\r\n   UnhideWhenUsed="false" Name="Light List Accent 4"/>\r\n  <w:LsdException Locked="false" Priority="62" SemiHidden="false"\r\n   UnhideWhenUsed="false" Name="Light Grid Accent 4"/>\r\n  <w:LsdException Locked="false" Priority="63" SemiHidden="false"\r\n   UnhideWhenUsed="false" Name="Medium Shading 1 Accent 4"/>\r\n  <w:LsdException Locked="false" Priority="64" SemiHidden="false"\r\n   UnhideWhenUsed="false" Name="Medium Shading 2 Accent 4"/>\r\n  <w:LsdException Locked="false" Priority="65" SemiHidden="false"\r\n   UnhideWhenUsed="false" Name="Medium List 1 Accent 4"/>\r\n  <w:LsdException Locked="false" Priority="66" SemiHidden="false"\r\n   UnhideWhenUsed="false" Name="Medium List 2 Accent 4"/>\r\n  <w:LsdException Locked="false" Priority="67" SemiHidden="false"\r\n   UnhideWhenUsed="false" Name="Medium Grid 1 Accent 4"/>\r\n  <w:LsdException Locked="false" Priority="68" SemiHidden="false"\r\n   UnhideWhenUsed="false" Name="Medium Grid 2 Accent 4"/>\r\n  <w:LsdException Locked="false" Priority="69" SemiHidden="false"\r\n   UnhideWhenUsed="false" Name="Medium Grid 3 Accent 4"/>\r\n  <w:LsdException Locked="false" Priority="70" SemiHidden="false"\r\n   UnhideWhenUsed="false" Name="Dark List Accent 4"/>\r\n  <w:LsdException Locked="false" Priority="71" SemiHidden="false"\r\n   UnhideWhenUsed="false" Name="Colorful Shading Accent 4"/>\r\n  <w:LsdException Locked="false" Priority="72" SemiHidden="false"\r\n   UnhideWhenUsed="false" Name="Colorful List Accent 4"/>\r\n  <w:LsdException Locked="false" Priority="73" SemiHidden="false"\r\n   UnhideWhenUsed="false" Name="Colorful Grid Accent 4"/>\r\n  <w:LsdException Locked="false" Priority="60" SemiHidden="false"\r\n   UnhideWhenUsed="false" Name="Light Shading Accent 5"/>\r\n  <w:LsdException Locked="false" Priority="61" SemiHidden="false"\r\n   UnhideWhenUsed="false" Name="Light List Accent 5"/>\r\n  <w:LsdException Locked="false" Priority="62" SemiHidden="false"\r\n   UnhideWhenUsed="false" Name="Light Grid Accent 5"/>\r\n  <w:LsdException Locked="false" Priority="63" SemiHidden="false"\r\n   UnhideWhenUsed="false" Name="Medium Shading 1 Accent 5"/>\r\n  <w:LsdException Locked="false" Priority="64" SemiHidden="false"\r\n   UnhideWhenUsed="false" Name="Medium Shading 2 Accent 5"/>\r\n  <w:LsdException Locked="false" Priority="65" SemiHidden="false"\r\n   UnhideWhenUsed="false" Name="Medium List 1 Accent 5"/>\r\n  <w:LsdException Locked="false" Priority="66" SemiHidden="false"\r\n   UnhideWhenUsed="false" Name="Medium List 2 Accent 5"/>\r\n  <w:LsdException Locked="false" Priority="67" SemiHidden="false"\r\n   UnhideWhenUsed="false" Name="Medium Grid 1 Accent 5"/>\r\n  <w:LsdException Locked="false" Priority="68" SemiHidden="false"\r\n   UnhideWhenUsed="false" Name="Medium Grid 2 Accent 5"/>\r\n  <w:LsdException Locked="false" Priority="69" SemiHidden="false"\r\n   UnhideWhenUsed="false" Name="Medium Grid 3 Accent 5"/>\r\n  <w:LsdException Locked="false" Priority="70" SemiHidden="false"\r\n   UnhideWhenUsed="false" Name="Dark List Accent 5"/>\r\n  <w:LsdException Locked="false" Priority="71" SemiHidden="false"\r\n   UnhideWhenUsed="false" Name="Colorful Shading Accent 5"/>\r\n  <w:LsdException Locked="false" Priority="72" SemiHidden="false"\r\n   UnhideWhenUsed="false" Name="Colorful List Accent 5"/>\r\n  <w:LsdException Locked="false" Priority="73" SemiHidden="false"\r\n   UnhideWhenUsed="false" Name="Colorful Grid Accent 5"/>\r\n  <w:LsdException Locked="false" Priority="60" SemiHidden="false"\r\n   UnhideWhenUsed="false" Name="Light Shading Accent 6"/>\r\n  <w:LsdException Locked="false" Priority="61" SemiHidden="false"\r\n   UnhideWhenUsed="false" Name="Light List Accent 6"/>\r\n  <w:LsdException Locked="false" Priority="62" SemiHidden="false"\r\n   UnhideWhenUsed="false" Name="Light Grid Accent 6"/>\r\n  <w:LsdException Locked="false" Priority="63" SemiHidden="false"\r\n   UnhideWhenUsed="false" Name="Medium Shading 1 Accent 6"/>\r\n  <w:LsdException Locked="false" Priority="64" SemiHidden="false"\r\n   UnhideWhenUsed="false" Name="Medium Shading 2 Accent 6"/>\r\n  <w:LsdException Locked="false" Priority="65" SemiHidden="false"\r\n   UnhideWhenUsed="false" Name="Medium List 1 Accent 6"/>\r\n  <w:LsdException Locked="false" Priority="66" SemiHidden="false"\r\n   UnhideWhenUsed="false" Name="Medium List 2 Accent 6"/>\r\n  <w:LsdException Locked="false" Priority="67" SemiHidden="false"\r\n   UnhideWhenUsed="false" Name="Medium Grid 1 Accent 6"/>\r\n  <w:LsdException Locked="false" Priority="68" SemiHidden="false"\r\n   UnhideWhenUsed="false" Name="Medium Grid 2 Accent 6"/>\r\n  <w:LsdException Locked="false" Priority="69" SemiHidden="false"\r\n   UnhideWhenUsed="false" Name="Medium Grid 3 Accent 6"/>\r\n  <w:LsdException Locked="false" Priority="70" SemiHidden="false"\r\n   UnhideWhenUsed="false" Name="Dark List Accent 6"/>\r\n  <w:LsdException Locked="false" Priority="71" SemiHidden="false"\r\n   UnhideWhenUsed="false" Name="Colorful Shading Accent 6"/>\r\n  <w:LsdException Locked="false" Priority="72" SemiHidden="false"\r\n   UnhideWhenUsed="false" Name="Colorful List Accent 6"/>\r\n  <w:LsdException Locked="false" Priority="73" SemiHidden="false"\r\n   UnhideWhenUsed="false" Name="Colorful Grid Accent 6"/>\r\n  <w:LsdException Locked="false" Priority="19" SemiHidden="false"\r\n   UnhideWhenUsed="false" QFormat="true" Name="Subtle Emphasis"/>\r\n  <w:LsdException Locked="false" Priority="21" SemiHidden="false"\r\n   UnhideWhenUsed="false" QFormat="true" Name="Intense Emphasis"/>\r\n  <w:LsdException Locked="false" Priority="31" SemiHidden="false"\r\n   UnhideWhenUsed="false" QFormat="true" Name="Subtle Reference"/>\r\n  <w:LsdException Locked="false" Priority="32" SemiHidden="false"\r\n   UnhideWhenUsed="false" QFormat="true" Name="Intense Reference"/>\r\n  <w:LsdException Locked="false" Priority="33" SemiHidden="false"\r\n   UnhideWhenUsed="false" QFormat="true" Name="Book Title"/>\r\n  <w:LsdException Locked="false" Priority="37" Name="Bibliography"/>\r\n  <w:LsdException Locked="false" Priority="39" QFormat="true" Name="TOC Heading"/>\r\n </w:LatentStyles>\r\n</xml><![endif]--><!--[if gte mso 10]>\r\n<style>\r\n /* Style Definitions */\r\ntable.MsoNormalTable\r\n	{mso-style-name:"Table Normal";\r\n	mso-tstyle-rowband-size:0;\r\n	mso-tstyle-colband-size:0;\r\n	mso-style-noshow:yes;\r\n	mso-style-priority:99;\r\n	mso-style-parent:"";\r\n	mso-padding-alt:0cm 5.4pt 0cm 5.4pt;\r\n	mso-para-margin:0cm;\r\n	mso-para-margin-bottom:.0001pt;\r\n	mso-pagination:widow-orphan;\r\n	font-size:10.0pt;\r\n	font-family:Calibri;}\r\n</style>\r\n<![endif]--><!--StartFragment--><!--EndFragment--></p>\r\n<p class="MsoNormal" style="margin-top:6.0pt;margin-right:0cm;margin-bottom:6.0pt;\r\nmargin-left:0cm;text-align:justify;mso-layout-grid-align:none;text-autospace:\r\nnone">\r\n	<span style="mso-bidi-language:MR">All these structures were distinguished by the utilization of well adapted new technologies paying particular attention to the use of local resources, substantial saving in cost and high functional and aesthetic values. One of the basic factors which contributed towards the success of these projects was the deep involvement and commitment of STUP Consultants, from inception to completion of these projects.<o:p></o:p></span></p>\r\n', '1421906366.jpg', '1421757973.jpg', 'vertical', 'environmental-and-public-health-engineering', '2015-01-05 11:12:07', '2015-01-24 08:55:25', '1', '', '', '', 4),
(3, 'Energy, Telecommunication and Space Infrastructure', '<p>\r\n	The Energy, Telecommunication and Space Infrastructure Group at STUP Consultants Pvt. Ltd. &nbsp;is involved mainly in the design &nbsp;of structures related to power plants. In the early 60s the group started its operation in the country with nuclear power related structures. Since then it has rendered a wide range of services in a number of other power projects especially in the following areas.</p>\r\n<p>\r\n	&bull;<span class="Apple-tab-span" style="white-space: pre;"> </span>Containments for nuclear reactor buildings</p>\r\n<p>\r\n	&bull;<span class="Apple-tab-span" style="white-space:pre"> </span>Thermal and hydro-electric power projects</p>\r\n<p>\r\n	&bull;<span class="Apple-tab-span" style="white-space:pre"> </span>Thermal and structural design of natural and induced draft cooling towers</p>\r\n<p>\r\n	&bull;<span class="Apple-tab-span" style="white-space:pre"> </span>Functional and structural design of tall chimneys</p>\r\n<p>\r\n	&bull;<span class="Apple-tab-span" style="white-space:pre"> </span>Cryogenic tanks for storage of LNG</p>\r\n<p>\r\n	&bull;<span class="Apple-tab-span" style="white-space:pre"> </span>Pylons for boilers</p>\r\n<p>\r\n	&bull;<span class="Apple-tab-span" style="white-space:pre"> </span>Communication towers</p>\r\n<p>\r\n	&bull;<span class="Apple-tab-span" style="white-space:pre"> </span>Satellite launching stations</p>\r\n<p>\r\n	&bull;<span class="Apple-tab-span" style="white-space:pre"> </span>Turbine and boiler houses</p>\r\n<p>\r\n	&bull;<span class="Apple-tab-span" style="white-space:pre"> </span>Material handling systems</p>\r\n<p>\r\n	The Group has excellent analytical capabilities for carrying out static, dynamic as well as non-linear analysis of structures. It is equipped with state-of-the-art finite elements softwares.</p>\r\n<p>\r\n	These unique structures were distinguished by the utilization of well-adapted new technologies paying particular attention to the use of local resources, effecting substantial savings in cost and high functional and aesthetic values. One of the basic factors that contributed towards the success of these projects was the deep involvement of STUP Consultants and its determination to stand by them from inception to completion. This resulted in STUP Consultants handling every aspect of these projects</p>\r\n', '1421906335.jpg', '1421757988.jpg', 'vertical', 'energy-telecommunication-and-space-infrastructure', '2015-01-05 11:10:26', '2015-01-22 18:51:12', '1', '', '', '', 3),
(5, 'Roads, Highways, Expressways', '<p>\r\n	The Indian Road Network started expanding after the development road map was formulated at the Indian Road Congress session in Nagpur in 1956, christened as the &lsquo;Nagpur Plan&rsquo;.</p>\r\n<p>\r\n	The interstate network and strategically important roads were defined as &ldquo;National Highway&rdquo; and were made the responsibility of the Central Government. Ministry of Surface Transport (MOST) started appointing consultants for coping with the increased volume of work and assumed the role of approving agency. With little previous experience available with Consultants, development of consultancy in this sector was slow. The initial efforts of STUP to participate in Road projects were thwarted as MOST viewed STUP as an organization specialized mainly in Bridges and Structures. While a few medium size Road jobs were handled by STUP under MOST and for the State Governments, it was planned to handle Road Projects on a global platform.</p>\r\n<p>\r\n	In order to expand business in the Infrastructure sector, STUP started interaction with ADB for obtaining work in other Asian countries. The first success in the Road sector came with the assignment for preparation of Road Master Plan for Bangladesh in the year 1988-89 under ADB with co-financing by the World Bank. Satisfactory completion of the Master Plan was followed by an assignment to prioritize 45000 km of Kabupaten (District) Roads in Java and Bali. STUP completed the task with satisfactory results.&nbsp;</p>\r\n<p>\r\n	These two landmark projects earned strong credentials for STUP in the Highway sector and operations in India in this sector increased rapidly. In the first lot of World Bank funded 4 laning projects for National Highways in India in 1994, STUP was successful in all three states &ndash; Haryana, Punjab and Orissa, chosen by the World Bank. These three projects, in association with international consultants, SMEC of Australia, Sauti of &nbsp;Italy and Hyder Freeman Fox of UK respectively, &nbsp;involved 4-laning of existing 2-lane National Highways for a total of about 150 km. Exposure to Consultants across the world helped STUP to consolidate its presence in the Highway Sector. Ever since, STUP has been working in Highways for the National Highways Authority of India, various State level Agencies for development of State Highways and also for Rural Roads under PMGSY programme.</p>\r\n', '1421906393.jpg', '1421758006.jpg', 'horizontal', 'roads-highways-expressways', '2015-01-05 11:12:35', '2015-01-22 18:51:21', '1', '', '', '', 5),
(6, 'Bridges & Flyovers', '<p>\r\n	STUP Consultants Pvt. Ltd. (STUP) was created in 1963 at Mumbai and from the beginning, it started engineering Bridges and some other important Prestressed Concrete Structures. &nbsp;Given below are some of the latest Bridges designed by STUP</p>\r\n', '1421906439.jpg', '1421758089.jpg', 'horizontal', 'bridges-and-flyovers', '2015-01-05 11:13:15', '2015-01-22 18:51:32', '1', '', '', '', 6),
(7, 'Metros', '<p class="STUPMetro">\r\n	<span style="line-height: 18.3999996185303px;">Trend of urbanization and rapid growth of population and vehicular traffic in congested cities have made implementation of Rapid Transit System essential. Construction of Metro Rail, as part of RTS has become imperative for smooth transportation and speedy movement. Metro Rail moves in dedicated tracks going underground or overground avoiding traffic congestion through segregation and priority, reliable with higher carrying capacity and does not spew out noxious fumes. Considering these advantages after Kolkata and Delhi more cities in India are going ahead with installation of Metro Rail Transport.</span></p>\r\n<p class="STUPMetro">\r\n	<span style="line-height: 18.3999996185303px;">SCPL has rendered consultancy on Metro rail projects about two decades back on rehabilitation of distressed section for Kolkata Metro Rail and elevated Metro Rail for MTP Chennai. However STUP got involved in Metro Rail sector more extensively since stage II development of Delhi Metro (DMRC), when DMRC allowed Design Build Contracts.</span></p>\r\n<p class="STUPMetro">\r\n	<span style="line-height: 18.3999996185303px;">The Consultancy services provided for Metro Railway in different Metro Cities of India :</span></p>\r\n<p class="STUPMetro">\r\n	<u><strong><span style="line-height: 18.3999996185303px;">1.</span><span class="Apple-tab-span" style="line-height: 18.3999996185303px; white-space: pre;"> </span><span style="line-height: 18.3999996185303px;">Delhi Metro</span></strong></u></p>\r\n<p class="STUPMetro">\r\n	<span style="line-height: 18.3999996185303px;">a.<span class="Apple-tab-span" style="white-space:pre"> </span>Elevated Viaduct - 17.00 Km.</span></p>\r\n<p class="STUPMetro">\r\n	<span style="line-height: 18.3999996185303px;">b.<span class="Apple-tab-span" style="white-space:pre"> </span>Elevated Station - 9 Nos.</span></p>\r\n<p class="STUPMetro">\r\n	<span style="line-height: 18.3999996185303px;">c.<span class="Apple-tab-span" style="white-space:pre"> </span>Underground Station - 11 Nos</span></p>\r\n<p class="STUPMetro">\r\n	<span style="line-height: 18.3999996185303px;">d.<span class="Apple-tab-span" style="white-space:pre"> </span>Cut &amp; Cover Tunnel - 2.35 Km.</span></p>\r\n<p class="STUPMetro">\r\n	<u><strong><span style="line-height: 18.3999996185303px;">2.</span><span class="Apple-tab-span" style="line-height: 18.3999996185303px; white-space: pre;"> </span><span style="line-height: 18.3999996185303px;">Kolkata Metro</span></strong></u></p>\r\n<p class="STUPMetro">\r\n	<span style="line-height: 18.3999996185303px;">a.<span class="Apple-tab-span" style="white-space:pre"> </span>Elevated Viaduct - 34 Km.</span></p>\r\n<p class="STUPMetro">\r\n	<span style="line-height: 18.3999996185303px;">b.<span class="Apple-tab-span" style="white-space:pre"> </span>Underground Station - 3 Nos.</span></p>\r\n<p class="STUPMetro">\r\n	<span style="line-height: 18.3999996185303px;">c.<span class="Apple-tab-span" style="white-space:pre"> </span>Underground Crossover - 1 No.</span></p>\r\n<p class="STUPMetro">\r\n	<u><strong><span style="line-height: 18.3999996185303px;">3.</span><span class="Apple-tab-span" style="line-height: 18.3999996185303px; white-space: pre;"> </span><span style="line-height: 18.3999996185303px;">Chennai Metro</span></strong></u></p>\r\n<p class="STUPMetro">\r\n	<span style="line-height: 18.3999996185303px;">a.<span class="Apple-tab-span" style="white-space:pre"> </span>Elevated Viaduct - 16.50 Km.</span></p>\r\n<p class="STUPMetro">\r\n	<span style="line-height: 18.3999996185303px;">b.<span class="Apple-tab-span" style="white-space:pre"> </span>Bangalore Metro</span></p>\r\n<p class="STUPMetro">\r\n	<span style="line-height: 18.3999996185303px;">c.<span class="Apple-tab-span" style="white-space:pre"> </span>Elevated Viaduct - 19.77 Km.</span></p>\r\n<p class="STUPMetro">\r\n	<span style="line-height: 18.3999996185303px;">d.<span class="Apple-tab-span" style="white-space:pre"> </span>Elevated Station - 6 Nos.</span></p>\r\n<p class="STUPMetro">\r\n	<u><strong><span style="line-height: 18.3999996185303px;">4.</span><span class="Apple-tab-span" style="line-height: 18.3999996185303px; white-space: pre;"> </span><span style="line-height: 18.3999996185303px;">Ahmedabad Metro</span></strong></u></p>\r\n<p class="STUPMetro">\r\n	<span style="line-height: 18.3999996185303px;">a.<span class="Apple-tab-span" style="white-space:pre"> </span>Elevated Station - 11 Nos.</span></p>\r\n<p class="STUPMetro">\r\n	<u><strong><span style="line-height: 18.3999996185303px;">5.</span><span class="Apple-tab-span" style="line-height: 18.3999996185303px; white-space: pre;"> </span><span style="line-height: 18.3999996185303px;">Jaipur Metro</span></strong></u></p>\r\n<p class="STUPMetro">\r\n	<span style="line-height: 18.3999996185303px;">a.<span class="Apple-tab-span" style="white-space:pre"> </span>Elevated Station - 2 Nos.</span></p>\r\n<p class="STUPMetro">\r\n	<u><strong><span style="line-height: 18.3999996185303px;">Total for all the above cities</span></strong></u></p>\r\n<p class="STUPMetro">\r\n	<span style="line-height: 18.3999996185303px;">o<span class="Apple-tab-span" style="white-space:pre"> </span>Elevated Viaduct - 87.27 Km.</span></p>\r\n<p class="STUPMetro">\r\n	<span style="line-height: 18.3999996185303px;">o<span class="Apple-tab-span" style="white-space:pre"> </span>Elevated Station - 28 Nos.</span></p>\r\n<p class="STUPMetro">\r\n	<span style="line-height: 18.3999996185303px;">o<span class="Apple-tab-span" style="white-space:pre"> </span>Underground Station - 14 Nos.</span></p>\r\n<p class="STUPMetro">\r\n	<span style="line-height: 18.3999996185303px;">o<span class="Apple-tab-span" style="white-space:pre"> </span>Cut &amp; Cover Tunnel - 2.35 Km.</span></p>\r\n', '1421906519.jpg', '1421758106.jpg', 'horizontal', 'metros', '2015-01-05 11:13:38', '2015-01-22 22:50:49', '1', '', '', '', 9);
INSERT INTO `tbl_sectors` (`sector_id`, `title`, `description`, `image`, `thumbnail_image`, `slider_option`, `slug`, `created_date`, `updated_date`, `status`, `url`, `meta_description`, `meta_keyword`, `position`) VALUES
(8, 'Railways', '<p class="STUPMetro" style="margin-top:6.0pt;margin-right:0cm;margin-bottom:6.0pt;\r\nmargin-left:0cm;line-height:normal;mso-hyphenate:none">\r\n	<span style="font-family:\r\n&quot;Times New Roman&quot;;mso-bidi-font-family:&quot;Times New Roman&quot;">Railways are the time tested means of transport specially for long distance with high carrying capacity. Railways have separate tracks for uninterrupted movement which helps to attain high speed. Continuous engineering research and input are helping to develop railway system with higher speed as well higher haulage capacity. This has necessitated review and redesign of trackwork and existing railway bridges. Railway tracks have to move along plain and rolling country as well as hilly terrains. This long traverse needs railway tracks, bridges and tunnels to cross wide rivers, deep gorges and linking through deep rock profiles of hills. Railway Bridges of various forms to suit the topography and site condition have all along been challenging because of the technical attention, it demands in innovative design, construction and erection methodology. <o:p></o:p></span></p>\r\n<p class="STUPMetro" style="margin-top:6.0pt;margin-right:0cm;margin-bottom:6.0pt;\r\nmargin-left:0cm;line-height:normal;mso-hyphenate:none">\r\n	<span style="font-family:\r\n&quot;Times New Roman&quot;;mso-bidi-font-family:&quot;Times New Roman&quot;">SCPL has over the years built up expertise in planning of overall railway system comprising of design of railway trackwork and permanentway , high embankments with slope stability analysis, bridges, associated railway infrastructure like station buildings, locomotive sheds, water supply, electrical, plants for production of railway accessories eg. wheels and axles, deep wagon tipplers for unloading of railway wagons, rehabilitation of railway structures.<o:p></o:p></span></p>\r\n<p class="STUPMetro" style="margin-top:6.0pt;margin-right:0cm;margin-bottom:6.0pt;\r\nmargin-left:0cm;line-height:normal;mso-hyphenate:none">\r\n	<span style="font-family:\r\n&quot;Times New Roman&quot;;mso-bidi-font-family:&quot;Times New Roman&quot;">Some of the major railway projects where SCPL has rendered consultancy services are :<o:p></o:p></span></p>\r\n<p class="STUPMetro" style="margin-top:6.0pt;margin-right:0cm;margin-bottom:6.0pt;\r\nmargin-left:0cm;line-height:normal;mso-hyphenate:none">\r\n	<span style="font-family:\r\n&quot;Times New Roman&quot;;mso-bidi-font-family:&quot;Times New Roman&quot;"><span style="mso-tab-count:4">&nbsp;&nbsp;&nbsp;&nbsp;&nbsp;&nbsp;&nbsp;&nbsp;&nbsp;&nbsp;&nbsp;&nbsp;&nbsp;&nbsp;&nbsp;&nbsp;&nbsp;&nbsp;&nbsp;&nbsp;&nbsp;&nbsp;&nbsp;&nbsp;&nbsp;&nbsp;&nbsp;&nbsp;&nbsp;&nbsp;&nbsp;&nbsp;&nbsp;&nbsp;&nbsp;&nbsp;&nbsp;&nbsp;&nbsp;&nbsp;&nbsp;&nbsp;&nbsp;&nbsp;&nbsp;&nbsp;&nbsp; </span><o:p></o:p></span></p>\r\n<p class="STUPMetro" style="margin-top:6.0pt;margin-right:0cm;margin-bottom:6.0pt;\r\nmargin-left:54.0pt;text-indent:-36.0pt;line-height:normal;mso-list:l0 level1 lfo1;\r\nmso-hyphenate:none">\r\n<!--[if !supportLists]-->	<span style="font-family:&quot;Times New Roman&quot;;\r\nmso-fareast-font-family:&quot;Times New Roman&quot;;mso-bidi-font-family:&quot;Times New Roman&quot;"><span style="mso-list:Ignore">A.<span style="font:7.0pt &quot;Times New Roman&quot;">&nbsp;&nbsp;&nbsp;&nbsp;&nbsp;&nbsp;&nbsp;&nbsp;&nbsp;&nbsp;&nbsp;&nbsp; </span></span></span><!--[endif]--><b style="mso-bidi-font-weight:normal"><span style="font-family:&quot;Times New Roman&quot;;mso-bidi-font-family:&quot;Times New Roman&quot;">Trackwork :</span></b><span style="font-family:&quot;Times New Roman&quot;;mso-bidi-font-family:\r\n&quot;Times New Roman&quot;"><o:p></o:p></span></p>\r\n<p class="STUPMetro" style="margin-top:6.0pt;margin-right:0cm;margin-bottom:6.0pt;\r\nmargin-left:90.0pt;text-indent:-36.0pt;line-height:normal;mso-list:l0 level2 lfo1;\r\nmso-hyphenate:none">\r\n<!--[if !supportLists]-->	<span style="font-family:&quot;Times New Roman&quot;;\r\nmso-fareast-font-family:&quot;Times New Roman&quot;;mso-bidi-font-family:&quot;Times New Roman&quot;"><span style="mso-list:Ignore">a.<span style="font:7.0pt &quot;Times New Roman&quot;">&nbsp;&nbsp;&nbsp;&nbsp;&nbsp;&nbsp;&nbsp;&nbsp;&nbsp;&nbsp;&nbsp;&nbsp;&nbsp;&nbsp; </span></span></span><!--[endif]--><span style="font-family:&quot;Times New Roman&quot;;\r\nmso-bidi-font-family:&quot;Times New Roman&quot;">Azimganj to JiaganjRailwayline for bridge across Bhagirathi in India<o:p></o:p></span></p>\r\n<p class="STUPMetro" style="margin-top:6.0pt;margin-right:0cm;margin-bottom:6.0pt;\r\nmargin-left:90.0pt;text-indent:-36.0pt;line-height:normal;mso-list:l0 level2 lfo1;\r\nmso-hyphenate:none">\r\n<!--[if !supportLists]-->	<span style="font-family:&quot;Times New Roman&quot;;\r\nmso-fareast-font-family:&quot;Times New Roman&quot;;mso-bidi-font-family:&quot;Times New Roman&quot;"><span style="mso-list:Ignore">b.<span style="font:7.0pt &quot;Times New Roman&quot;">&nbsp;&nbsp;&nbsp;&nbsp;&nbsp;&nbsp;&nbsp;&nbsp;&nbsp;&nbsp;&nbsp;&nbsp;&nbsp; </span></span></span><!--[endif]--><span style="font-family:&quot;Times New Roman&quot;;\r\nmso-bidi-font-family:&quot;Times New Roman&quot;">Bhairab Bazar to Ashuganj / Akhaura 6.25 Km. railway track for the Bhairab and Titas Bridges in Bangladesh<o:p></o:p></span></p>\r\n<p class="STUPMetro" style="margin-top:6.0pt;margin-right:0cm;margin-bottom:6.0pt;\r\nmargin-left:90.0pt;text-indent:-36.0pt;line-height:normal;mso-list:l0 level2 lfo1;\r\nmso-hyphenate:none">\r\n<!--[if !supportLists]-->	<span style="font-family:&quot;Times New Roman&quot;;\r\nmso-fareast-font-family:&quot;Times New Roman&quot;;mso-bidi-font-family:&quot;Times New Roman&quot;"><span style="mso-list:Ignore">c.<span style="font:7.0pt &quot;Times New Roman&quot;">&nbsp;&nbsp;&nbsp;&nbsp;&nbsp;&nbsp;&nbsp;&nbsp;&nbsp;&nbsp;&nbsp;&nbsp;&nbsp;&nbsp; </span></span></span><!--[endif]--><span style="font-family:&quot;Times New Roman&quot;;\r\nmso-bidi-font-family:&quot;Times New Roman&quot;">Railway track system in the approaches of Mejia Bridge on river Damodar.<o:p></o:p></span></p>\r\n<p class="STUPMetro" style="margin-top:6.0pt;margin-right:0cm;margin-bottom:6.0pt;\r\nmargin-left:90.0pt;text-indent:-36.0pt;line-height:normal;mso-list:l0 level2 lfo1;\r\nmso-hyphenate:none">\r\n<!--[if !supportLists]-->	<span style="font-family:&quot;Times New Roman&quot;;\r\nmso-fareast-font-family:&quot;Times New Roman&quot;;mso-bidi-font-family:&quot;Times New Roman&quot;"><span style="mso-list:Ignore">d.<span style="font:7.0pt &quot;Times New Roman&quot;">&nbsp;&nbsp;&nbsp;&nbsp;&nbsp;&nbsp;&nbsp;&nbsp;&nbsp;&nbsp;&nbsp;&nbsp;&nbsp; </span></span></span><!--[endif]--><span style="font-family:&quot;Times New Roman&quot;;\r\nmso-bidi-font-family:&quot;Times New Roman&quot;">Audit of double track from Rawang to Ipoh in Malaysia.<o:p></o:p></span></p>\r\n<p class="STUPMetro" style="margin-top:6.0pt;margin-right:0cm;margin-bottom:6.0pt;\r\nmargin-left:90.0pt;text-indent:-36.0pt;line-height:normal;mso-list:l0 level2 lfo1;\r\nmso-hyphenate:none">\r\n<!--[if !supportLists]-->	<span style="font-family:&quot;Times New Roman&quot;;\r\nmso-fareast-font-family:&quot;Times New Roman&quot;;mso-bidi-font-family:&quot;Times New Roman&quot;"><span style="mso-list:Ignore">e.<span style="font:7.0pt &quot;Times New Roman&quot;">&nbsp;&nbsp;&nbsp;&nbsp;&nbsp;&nbsp;&nbsp;&nbsp;&nbsp;&nbsp;&nbsp;&nbsp;&nbsp;&nbsp; </span></span></span><!--[endif]--><span style="font-family:&quot;Times New Roman&quot;;\r\nmso-bidi-font-family:&quot;Times New Roman&quot;">Development of stackyard with railway siding near Berth No. 12 at Haldia Dock Complex. <o:p></o:p></span></p>\r\n<p class="STUPMetro" style="margin-top:6.0pt;margin-right:0cm;margin-bottom:6.0pt;\r\nmargin-left:90.0pt;text-indent:-36.0pt;line-height:normal;mso-list:l0 level2 lfo1;\r\nmso-hyphenate:none">\r\n<!--[if !supportLists]-->	<span style="font-family:&quot;Times New Roman&quot;;\r\nmso-fareast-font-family:&quot;Times New Roman&quot;;mso-bidi-font-family:&quot;Times New Roman&quot;"><span style="mso-list:Ignore">f.<span style="font:7.0pt &quot;Times New Roman&quot;">&nbsp;&nbsp;&nbsp;&nbsp;&nbsp;&nbsp;&nbsp;&nbsp;&nbsp;&nbsp;&nbsp;&nbsp;&nbsp;&nbsp;&nbsp; </span></span></span><!--[endif]--><span style="font-family:&quot;Times New Roman&quot;;\r\nmso-bidi-font-family:&quot;Times New Roman&quot;">Slope Stability analysis and precautionary measures for Lumding &ndash; Silchar Railway Line<o:p></o:p></span></p>\r\n<p class="STUPMetro" style="margin-top:6.0pt;margin-right:0cm;margin-bottom:6.0pt;\r\nmargin-left:54.0pt;line-height:normal;mso-hyphenate:none">\r\n	<span style="font-family:&quot;Times New Roman&quot;;mso-bidi-font-family:&quot;Times New Roman&quot;"><o:p>&nbsp;</o:p></span></p>\r\n<p class="STUPMetro" style="margin-top:6.0pt;margin-right:0cm;margin-bottom:6.0pt;\r\nmargin-left:54.0pt;text-indent:-36.0pt;line-height:normal;mso-list:l0 level1 lfo1;\r\nmso-hyphenate:none">\r\n<!--[if !supportLists]-->	<b style="mso-bidi-font-weight:normal"><span style="font-family:&quot;Times New Roman&quot;;mso-fareast-font-family:&quot;Times New Roman&quot;;\r\nmso-bidi-font-family:&quot;Times New Roman&quot;"><span style="mso-list:Ignore">B.<span style="font:7.0pt &quot;Times New Roman&quot;">&nbsp;&nbsp;&nbsp;&nbsp;&nbsp;&nbsp;&nbsp;&nbsp;&nbsp;&nbsp;&nbsp;&nbsp; </span></span></span></b><!--[endif]--><b style="mso-bidi-font-weight:normal"><span style="font-family:&quot;Times New Roman&quot;;mso-bidi-font-family:&quot;Times New Roman&quot;">Railway Station Buildings, Railway Plants and other Infrastructure<span style="mso-spacerun:yes">&nbsp;&nbsp; </span><o:p></o:p></span></b></p>\r\n<p class="STUPMetro" style="margin-top:6.0pt;margin-right:0cm;margin-bottom:6.0pt;\r\nmargin-left:90.0pt;text-indent:-36.0pt;line-height:normal;mso-list:l0 level2 lfo1;\r\nmso-hyphenate:none">\r\n<!--[if !supportLists]-->	<span style="font-family:&quot;Times New Roman&quot;;\r\nmso-fareast-font-family:&quot;Times New Roman&quot;;mso-bidi-font-family:&quot;Times New Roman&quot;"><span style="mso-list:Ignore">a.<span style="font:7.0pt &quot;Times New Roman&quot;">&nbsp;&nbsp;&nbsp;&nbsp;&nbsp;&nbsp;&nbsp;&nbsp;&nbsp;&nbsp;&nbsp;&nbsp;&nbsp;&nbsp; </span></span></span><!--[endif]--><span style="font-family:&quot;Times New Roman&quot;;\r\nmso-bidi-font-family:&quot;Times New Roman&quot;">Architectural and structural design of Railway Station Building at Santragachi<o:p></o:p></span></p>\r\n<p class="STUPMetro" style="margin-top:6.0pt;margin-right:0cm;margin-bottom:6.0pt;\r\nmargin-left:90.0pt;text-indent:-36.0pt;line-height:normal;mso-list:l0 level2 lfo1;\r\nmso-hyphenate:none">\r\n<!--[if !supportLists]-->	<span style="font-family:&quot;Times New Roman&quot;;\r\nmso-fareast-font-family:&quot;Times New Roman&quot;;mso-bidi-font-family:&quot;Times New Roman&quot;"><span style="mso-list:Ignore">b.<span style="font:7.0pt &quot;Times New Roman&quot;">&nbsp;&nbsp;&nbsp;&nbsp;&nbsp;&nbsp;&nbsp;&nbsp;&nbsp;&nbsp;&nbsp;&nbsp;&nbsp; </span></span></span><!--[endif]--><span style="font-family:&quot;Times New Roman&quot;;\r\nmso-bidi-font-family:&quot;Times New Roman&quot;">Architectural and Structural design of Railway Station Buildings at Hassan and K.R. Nagara and a number of other station buildings in Karnataka.<o:p></o:p></span></p>\r\n<p class="STUPMetro" style="margin-top:6.0pt;margin-right:0cm;margin-bottom:6.0pt;\r\nmargin-left:90.0pt;text-indent:-36.0pt;line-height:normal;mso-list:l0 level2 lfo1;\r\nmso-hyphenate:none">\r\n<!--[if !supportLists]-->	<span style="font-family:&quot;Times New Roman&quot;;\r\nmso-fareast-font-family:&quot;Times New Roman&quot;;mso-bidi-font-family:&quot;Times New Roman&quot;"><span style="mso-list:Ignore">c.<span style="font:7.0pt &quot;Times New Roman&quot;">&nbsp;&nbsp;&nbsp;&nbsp;&nbsp;&nbsp;&nbsp;&nbsp;&nbsp;&nbsp;&nbsp;&nbsp;&nbsp;&nbsp; </span></span></span><!--[endif]--><span style="font-family:&quot;Times New Roman&quot;;\r\nmso-bidi-font-family:&quot;Times New Roman&quot;">Locomotive sheds in Santragachi, Bokaro, Gomoh&amp;Jamalpur<o:p></o:p></span></p>\r\n<p class="STUPMetro" style="margin-top:6.0pt;margin-right:0cm;margin-bottom:6.0pt;\r\nmargin-left:90.0pt;text-indent:-36.0pt;line-height:normal;mso-list:l0 level2 lfo1;\r\nmso-hyphenate:none">\r\n<!--[if !supportLists]-->	<span style="font-family:&quot;Times New Roman&quot;;\r\nmso-fareast-font-family:&quot;Times New Roman&quot;;mso-bidi-font-family:&quot;Times New Roman&quot;"><span style="mso-list:Ignore">d.<span style="font:7.0pt &quot;Times New Roman&quot;">&nbsp;&nbsp;&nbsp;&nbsp;&nbsp;&nbsp;&nbsp;&nbsp;&nbsp;&nbsp;&nbsp;&nbsp;&nbsp; </span></span></span><!--[endif]--><span style="font-family:&quot;Times New Roman&quot;;\r\nmso-bidi-font-family:&quot;Times New Roman&quot;">Water supply to railway townships of Silchar, Jagi Road and Chamarmukh in Assam and Dharmanagar in Tripura<o:p></o:p></span></p>\r\n<p class="STUPMetro" style="margin-top:6.0pt;margin-right:0cm;margin-bottom:6.0pt;\r\nmargin-left:90.0pt;text-indent:-36.0pt;line-height:normal;mso-list:l0 level2 lfo1;\r\nmso-hyphenate:none">\r\n<!--[if !supportLists]-->	<span style="font-family:&quot;Times New Roman&quot;;\r\nmso-fareast-font-family:&quot;Times New Roman&quot;;mso-bidi-font-family:&quot;Times New Roman&quot;"><span style="mso-list:Ignore">e.<span style="font:7.0pt &quot;Times New Roman&quot;">&nbsp;&nbsp;&nbsp;&nbsp;&nbsp;&nbsp;&nbsp;&nbsp;&nbsp;&nbsp;&nbsp;&nbsp;&nbsp;&nbsp; </span></span></span><!--[endif]--><span style="font-family:&quot;Times New Roman&quot;;\r\nmso-bidi-font-family:&quot;Times New Roman&quot;">Wheel &amp; Axle Plant at Bangalore<o:p></o:p></span></p>\r\n<p class="STUPMetro" style="margin-top:6.0pt;margin-right:0cm;margin-bottom:6.0pt;\r\nmargin-left:90.0pt;text-indent:-36.0pt;line-height:normal;mso-list:l0 level2 lfo1;\r\nmso-hyphenate:none">\r\n<!--[if !supportLists]-->	<span style="font-family:&quot;Times New Roman&quot;;\r\nmso-fareast-font-family:&quot;Times New Roman&quot;;mso-bidi-font-family:&quot;Times New Roman&quot;"><span style="mso-list:Ignore">f.<span style="font:7.0pt &quot;Times New Roman&quot;">&nbsp;&nbsp;&nbsp;&nbsp;&nbsp;&nbsp;&nbsp;&nbsp;&nbsp;&nbsp;&nbsp;&nbsp;&nbsp;&nbsp;&nbsp; </span></span></span><!--[endif]--><span style="font-family:&quot;Times New Roman&quot;;\r\nmso-bidi-font-family:&quot;Times New Roman&quot;">Rehabilitation for Bridge no. 4 over river Damodar for Eastern Railway <o:p></o:p></span></p>\r\n<p class="STUPMetro" style="margin-top:6.0pt;margin-right:0cm;margin-bottom:6.0pt;\r\nmargin-left:54.0pt;text-indent:-36.0pt;line-height:normal;mso-list:l0 level1 lfo1;\r\nmso-hyphenate:none">\r\n<!--[if !supportLists]-->	<b style="mso-bidi-font-weight:normal"><span style="font-family:&quot;Times New Roman&quot;;mso-fareast-font-family:&quot;Times New Roman&quot;;\r\nmso-bidi-font-family:&quot;Times New Roman&quot;"><span style="mso-list:Ignore">C.<span style="font:7.0pt &quot;Times New Roman&quot;">&nbsp;&nbsp;&nbsp;&nbsp;&nbsp;&nbsp;&nbsp;&nbsp;&nbsp;&nbsp;&nbsp;&nbsp; </span></span></span></b><!--[endif]--><b style="mso-bidi-font-weight:normal"><span style="font-family:&quot;Times New Roman&quot;;mso-bidi-font-family:&quot;Times New Roman&quot;">Railway Bridges :<o:p></o:p></span></b></p>\r\n<p class="STUPMetro" style="margin-top:6.0pt;margin-right:0cm;margin-bottom:6.0pt;\r\nmargin-left:90.0pt;text-indent:-36.0pt;line-height:normal;mso-list:l0 level2 lfo1;\r\nmso-hyphenate:none">\r\n<!--[if !supportLists]-->	<span style="font-family:&quot;Times New Roman&quot;;\r\nmso-fareast-font-family:&quot;Times New Roman&quot;;mso-bidi-font-family:&quot;Times New Roman&quot;"><span style="mso-list:Ignore">a.<span style="font:7.0pt &quot;Times New Roman&quot;">&nbsp;&nbsp;&nbsp;&nbsp;&nbsp;&nbsp;&nbsp;&nbsp;&nbsp;&nbsp;&nbsp;&nbsp;&nbsp;&nbsp; </span></span></span><!--[endif]--><span style="font-family:&quot;Times New Roman&quot;;\r\nmso-bidi-font-family:&quot;Times New Roman&quot;">Bridge over river Sone at Dehri-on-Sone at Uttar Pradesh<o:p></o:p></span></p>\r\n<p class="STUPMetro" style="margin-top:6.0pt;margin-right:0cm;margin-bottom:6.0pt;\r\nmargin-left:90.0pt;text-indent:-36.0pt;line-height:normal;mso-list:l0 level2 lfo1;\r\nmso-hyphenate:none">\r\n<!--[if !supportLists]-->	<span style="font-family:&quot;Times New Roman&quot;;\r\nmso-fareast-font-family:&quot;Times New Roman&quot;;mso-bidi-font-family:&quot;Times New Roman&quot;"><span style="mso-list:Ignore">b.<span style="font:7.0pt &quot;Times New Roman&quot;">&nbsp;&nbsp;&nbsp;&nbsp;&nbsp;&nbsp;&nbsp;&nbsp;&nbsp;&nbsp;&nbsp;&nbsp;&nbsp; </span></span></span><!--[endif]--><span style="font-family:&quot;Times New Roman&quot;;\r\nmso-bidi-font-family:&quot;Times New Roman&quot;">Jogighopa rail-cum-road bridge over river Brahmaputra<o:p></o:p></span></p>\r\n<p class="STUPMetro" style="margin-top:6.0pt;margin-right:0cm;margin-bottom:6.0pt;\r\nmargin-left:90.0pt;text-indent:-36.0pt;line-height:normal;mso-list:l0 level2 lfo1;\r\nmso-hyphenate:none">\r\n<!--[if !supportLists]-->	<span style="font-family:&quot;Times New Roman&quot;;\r\nmso-fareast-font-family:&quot;Times New Roman&quot;;mso-bidi-font-family:&quot;Times New Roman&quot;"><span style="mso-list:Ignore">c.<span style="font:7.0pt &quot;Times New Roman&quot;">&nbsp;&nbsp;&nbsp;&nbsp;&nbsp;&nbsp;&nbsp;&nbsp;&nbsp;&nbsp;&nbsp;&nbsp;&nbsp;&nbsp; </span></span></span><!--[endif]--><span style="font-family:&quot;Times New Roman&quot;;\r\nmso-bidi-font-family:&quot;Times New Roman&quot;">Second railway bridge over river Mahanadi at Naraj<o:p></o:p></span></p>\r\n<p class="STUPMetro" style="margin-top:6.0pt;margin-right:0cm;margin-bottom:6.0pt;\r\nmargin-left:90.0pt;text-indent:-36.0pt;line-height:normal;mso-list:l0 level2 lfo1;\r\nmso-hyphenate:none">\r\n<!--[if !supportLists]-->	<span style="font-family:&quot;Times New Roman&quot;;\r\nmso-fareast-font-family:&quot;Times New Roman&quot;;mso-bidi-font-family:&quot;Times New Roman&quot;"><span style="mso-list:Ignore">d.<span style="font:7.0pt &quot;Times New Roman&quot;">&nbsp;&nbsp;&nbsp;&nbsp;&nbsp;&nbsp;&nbsp;&nbsp;&nbsp;&nbsp;&nbsp;&nbsp;&nbsp; </span></span></span><!--[endif]--><span style="font-family:&quot;Times New Roman&quot;;\r\nmso-bidi-font-family:&quot;Times New Roman&quot;">Vasai Creek railway bridge in Maharashtra<o:p></o:p></span></p>\r\n<p class="STUPMetro" style="margin-top:6.0pt;margin-right:0cm;margin-bottom:6.0pt;\r\nmargin-left:90.0pt;text-indent:-36.0pt;line-height:normal;mso-list:l0 level2 lfo1;\r\nmso-hyphenate:none">\r\n<!--[if !supportLists]-->	<span style="font-family:&quot;Times New Roman&quot;;\r\nmso-fareast-font-family:&quot;Times New Roman&quot;;mso-bidi-font-family:&quot;Times New Roman&quot;"><span style="mso-list:Ignore">e.<span style="font:7.0pt &quot;Times New Roman&quot;">&nbsp;&nbsp;&nbsp;&nbsp;&nbsp;&nbsp;&nbsp;&nbsp;&nbsp;&nbsp;&nbsp;&nbsp;&nbsp;&nbsp; </span></span></span><!--[endif]--><span style="font-family:&quot;Times New Roman&quot;;\r\nmso-bidi-font-family:&quot;Times New Roman&quot;">Bridge over river Damodar at Mejia and planning of<span style="mso-spacerun:yes">&nbsp; </span>railway embankment <o:p></o:p></span></p>\r\n<p>\r\n<!--[if gte mso 9]><xml>\r\n <o:OfficeDocumentSettings>\r\n  <o:PixelsPerInch>96</o:PixelsPerInch>\r\n  <o:TargetScreenSize>800x600</o:TargetScreenSize>\r\n </o:OfficeDocumentSettings>\r\n</xml><![endif]--><!--[if gte mso 9]><xml>\r\n <w:WordDocument>\r\n  <w:View>Normal</w:View>\r\n  <w:Zoom>0</w:Zoom>\r\n  <w:TrackMoves/>\r\n  <w:TrackFormatting/>\r\n  <w:PunctuationKerning/>\r\n  <w:ValidateAgainstSchemas/>\r\n  <w:SaveIfXMLInvalid>false</w:SaveIfXMLInvalid>\r\n  <w:IgnoreMixedContent>false</w:IgnoreMixedContent>\r\n  <w:AlwaysShowPlaceholderText>false</w:AlwaysShowPlaceholderText>\r\n  <w:DoNotPromoteQF/>\r\n  <w:LidThemeOther>EN-US</w:LidThemeOther>\r\n  <w:LidThemeAsian>JA</w:LidThemeAsian>\r\n  <w:LidThemeComplexScript>X-NONE</w:LidThemeComplexScript>\r\n  <w:Compatibility>\r\n   <w:BreakWrappedTables/>\r\n   <w:SnapToGridInCell/>\r\n   <w:WrapTextWithPunct/>\r\n   <w:UseAsianBreakRules/>\r\n   <w:DontGrowAutofit/>\r\n   <w:SplitPgBreakAndParaMark/>\r\n   <w:EnableOpenTypeKerning/>\r\n   <w:DontFlipMirrorIndents/>\r\n   <w:OverrideTableStyleHps/>\r\n  </w:Compatibility>\r\n  <m:mathPr>\r\n   <m:mathFont m:val="Cambria Math"/>\r\n   <m:brkBin m:val="before"/>\r\n   <m:brkBinSub m:val="&#45;-"/>\r\n   <m:smallFrac m:val="off"/>\r\n   <m:dispDef/>\r\n   <m:lMargin m:val="0"/>\r\n   <m:rMargin m:val="0"/>\r\n   <m:defJc m:val="centerGroup"/>\r\n   <m:wrapIndent m:val="1440"/>\r\n   <m:intLim m:val="subSup"/>\r\n   <m:naryLim m:val="undOvr"/>\r\n  </m:mathPr></w:WordDocument>\r\n</xml><![endif]--><!--[if gte mso 9]><xml>\r\n <w:LatentStyles DefLockedState="false" DefUnhideWhenUsed="true"\r\n  DefSemiHidden="true" DefQFormat="false" DefPriority="99"\r\n  LatentStyleCount="276">\r\n  <w:LsdException Locked="false" Priority="0" SemiHidden="false"\r\n   UnhideWhenUsed="false" QFormat="true" Name="Normal"/>\r\n  <w:LsdException Locked="false" Priority="9" SemiHidden="false"\r\n   UnhideWhenUsed="false" QFormat="true" Name="heading 1"/>\r\n  <w:LsdException Locked="false" Priority="9" QFormat="true" Name="heading 2"/>\r\n  <w:LsdException Locked="false" Priority="9" QFormat="true" Name="heading 3"/>\r\n  <w:LsdException Locked="false" Priority="9" QFormat="true" Name="heading 4"/>\r\n  <w:LsdException Locked="false" Priority="9" QFormat="true" Name="heading 5"/>\r\n  <w:LsdException Locked="false" Priority="9" QFormat="true" Name="heading 6"/>\r\n  <w:LsdException Locked="false" Priority="9" QFormat="true" Name="heading 7"/>\r\n  <w:LsdException Locked="false" Priority="9" QFormat="true" Name="heading 8"/>\r\n  <w:LsdException Locked="false" Priority="9" QFormat="true" Name="heading 9"/>\r\n  <w:LsdException Locked="false" Priority="39" Name="toc 1"/>\r\n  <w:LsdException Locked="false" Priority="39" Name="toc 2"/>\r\n  <w:LsdException Locked="false" Priority="39" Name="toc 3"/>\r\n  <w:LsdException Locked="false" Priority="39" Name="toc 4"/>\r\n  <w:LsdException Locked="false" Priority="39" Name="toc 5"/>\r\n  <w:LsdException Locked="false" Priority="39" Name="toc 6"/>\r\n  <w:LsdException Locked="false" Priority="39" Name="toc 7"/>\r\n  <w:LsdException Locked="false" Priority="39" Name="toc 8"/>\r\n  <w:LsdException Locked="false" Priority="39" Name="toc 9"/>\r\n  <w:LsdException Locked="false" Priority="35" QFormat="true" Name="caption"/>\r\n  <w:LsdException Locked="false" Priority="10" SemiHidden="false"\r\n   UnhideWhenUsed="false" QFormat="true" Name="Title"/>\r\n  <w:LsdException Locked="false" Priority="1" Name="Default Paragraph Font"/>\r\n  <w:LsdException Locked="false" Priority="11" SemiHidden="false"\r\n   UnhideWhenUsed="false" QFormat="true" Name="Subtitle"/>\r\n  <w:LsdException Locked="false" Priority="22" SemiHidden="false"\r\n   UnhideWhenUsed="false" QFormat="true" Name="Strong"/>\r\n  <w:LsdException Locked="false" Priority="20" SemiHidden="false"\r\n   UnhideWhenUsed="false" QFormat="true" Name="Emphasis"/>\r\n  <w:LsdException Locked="false" Priority="59" SemiHidden="false"\r\n   UnhideWhenUsed="false" Name="Table Grid"/>\r\n  <w:LsdException Locked="false" UnhideWhenUsed="false" Name="Placeholder Text"/>\r\n  <w:LsdException Locked="false" Priority="1" SemiHidden="false"\r\n   UnhideWhenUsed="false" QFormat="true" Name="No Spacing"/>\r\n  <w:LsdException Locked="false" Priority="60" SemiHidden="false"\r\n   UnhideWhenUsed="false" Name="Light Shading"/>\r\n  <w:LsdException Locked="false" Priority="61" SemiHidden="false"\r\n   UnhideWhenUsed="false" Name="Light List"/>\r\n  <w:LsdException Locked="false" Priority="62" SemiHidden="false"\r\n   UnhideWhenUsed="false" Name="Light Grid"/>\r\n  <w:LsdException Locked="false" Priority="63" SemiHidden="false"\r\n   UnhideWhenUsed="false" Name="Medium Shading 1"/>\r\n  <w:LsdException Locked="false" Priority="64" SemiHidden="false"\r\n   UnhideWhenUsed="false" Name="Medium Shading 2"/>\r\n  <w:LsdException Locked="false" Priority="65" SemiHidden="false"\r\n   UnhideWhenUsed="false" Name="Medium List 1"/>\r\n  <w:LsdException Locked="false" Priority="66" SemiHidden="false"\r\n   UnhideWhenUsed="false" Name="Medium List 2"/>\r\n  <w:LsdException Locked="false" Priority="67" SemiHidden="false"\r\n   UnhideWhenUsed="false" Name="Medium Grid 1"/>\r\n  <w:LsdException Locked="false" Priority="68" SemiHidden="false"\r\n   UnhideWhenUsed="false" Name="Medium Grid 2"/>\r\n  <w:LsdException Locked="false" Priority="69" SemiHidden="false"\r\n   UnhideWhenUsed="false" Name="Medium Grid 3"/>\r\n  <w:LsdException Locked="false" Priority="70" SemiHidden="false"\r\n   UnhideWhenUsed="false" Name="Dark List"/>\r\n  <w:LsdException Locked="false" Priority="71" SemiHidden="false"\r\n   UnhideWhenUsed="false" Name="Colorful Shading"/>\r\n  <w:LsdException Locked="false" Priority="72" SemiHidden="false"\r\n   UnhideWhenUsed="false" Name="Colorful List"/>\r\n  <w:LsdException Locked="false" Priority="73" SemiHidden="false"\r\n   UnhideWhenUsed="false" Name="Colorful Grid"/>\r\n  <w:LsdException Locked="false" Priority="60" SemiHidden="false"\r\n   UnhideWhenUsed="false" Name="Light Shading Accent 1"/>\r\n  <w:LsdException Locked="false" Priority="61" SemiHidden="false"\r\n   UnhideWhenUsed="false" Name="Light List Accent 1"/>\r\n  <w:LsdException Locked="false" Priority="62" SemiHidden="false"\r\n   UnhideWhenUsed="false" Name="Light Grid Accent 1"/>\r\n  <w:LsdException Locked="false" Priority="63" SemiHidden="false"\r\n   UnhideWhenUsed="false" Name="Medium Shading 1 Accent 1"/>\r\n  <w:LsdException Locked="false" Priority="64" SemiHidden="false"\r\n   UnhideWhenUsed="false" Name="Medium Shading 2 Accent 1"/>\r\n  <w:LsdException Locked="false" Priority="65" SemiHidden="false"\r\n   UnhideWhenUsed="false" Name="Medium List 1 Accent 1"/>\r\n  <w:LsdException Locked="false" UnhideWhenUsed="false" Name="Revision"/>\r\n  <w:LsdException Locked="false" Priority="34" SemiHidden="false"\r\n   UnhideWhenUsed="false" QFormat="true" Name="List Paragraph"/>\r\n  <w:LsdException Locked="false" Priority="29" SemiHidden="false"\r\n   UnhideWhenUsed="false" QFormat="true" Name="Quote"/>\r\n  <w:LsdException Locked="false" Priority="30" SemiHidden="false"\r\n   UnhideWhenUsed="false" QFormat="true" Name="Intense Quote"/>\r\n  <w:LsdException Locked="false" Priority="66" SemiHidden="false"\r\n   UnhideWhenUsed="false" Name="Medium List 2 Accent 1"/>\r\n  <w:LsdException Locked="false" Priority="67" SemiHidden="false"\r\n   UnhideWhenUsed="false" Name="Medium Grid 1 Accent 1"/>\r\n  <w:LsdException Locked="false" Priority="68" SemiHidden="false"\r\n   UnhideWhenUsed="false" Name="Medium Grid 2 Accent 1"/>\r\n  <w:LsdException Locked="false" Priority="69" SemiHidden="false"\r\n   UnhideWhenUsed="false" Name="Medium Grid 3 Accent 1"/>\r\n  <w:LsdException Locked="false" Priority="70" SemiHidden="false"\r\n   UnhideWhenUsed="false" Name="Dark List Accent 1"/>\r\n  <w:LsdException Locked="false" Priority="71" SemiHidden="false"\r\n   UnhideWhenUsed="false" Name="Colorful Shading Accent 1"/>\r\n  <w:LsdException Locked="false" Priority="72" SemiHidden="false"\r\n   UnhideWhenUsed="false" Name="Colorful List Accent 1"/>\r\n  <w:LsdException Locked="false" Priority="73" SemiHidden="false"\r\n   UnhideWhenUsed="false" Name="Colorful Grid Accent 1"/>\r\n  <w:LsdException Locked="false" Priority="60" SemiHidden="false"\r\n   UnhideWhenUsed="false" Name="Light Shading Accent 2"/>\r\n  <w:LsdException Locked="false" Priority="61" SemiHidden="false"\r\n   UnhideWhenUsed="false" Name="Light List Accent 2"/>\r\n  <w:LsdException Locked="false" Priority="62" SemiHidden="false"\r\n   UnhideWhenUsed="false" Name="Light Grid Accent 2"/>\r\n  <w:LsdException Locked="false" Priority="63" SemiHidden="false"\r\n   UnhideWhenUsed="false" Name="Medium Shading 1 Accent 2"/>\r\n  <w:LsdException Locked="false" Priority="64" SemiHidden="false"\r\n   UnhideWhenUsed="false" Name="Medium Shading 2 Accent 2"/>\r\n  <w:LsdException Locked="false" Priority="65" SemiHidden="false"\r\n   UnhideWhenUsed="false" Name="Medium List 1 Accent 2"/>\r\n  <w:LsdException Locked="false" Priority="66" SemiHidden="false"\r\n   UnhideWhenUsed="false" Name="Medium List 2 Accent 2"/>\r\n  <w:LsdException Locked="false" Priority="67" SemiHidden="false"\r\n   UnhideWhenUsed="false" Name="Medium Grid 1 Accent 2"/>\r\n  <w:LsdException Locked="false" Priority="68" SemiHidden="false"\r\n   UnhideWhenUsed="false" Name="Medium Grid 2 Accent 2"/>\r\n  <w:LsdException Locked="false" Priority="69" SemiHidden="false"\r\n   UnhideWhenUsed="false" Name="Medium Grid 3 Accent 2"/>\r\n  <w:LsdException Locked="false" Priority="70" SemiHidden="false"\r\n   UnhideWhenUsed="false" Name="Dark List Accent 2"/>\r\n  <w:LsdException Locked="false" Priority="71" SemiHidden="false"\r\n   UnhideWhenUsed="false" Name="Colorful Shading Accent 2"/>\r\n  <w:LsdException Locked="false" Priority="72" SemiHidden="false"\r\n   UnhideWhenUsed="false" Name="Colorful List Accent 2"/>\r\n  <w:LsdException Locked="false" Priority="73" SemiHidden="false"\r\n   UnhideWhenUsed="false" Name="Colorful Grid Accent 2"/>\r\n  <w:LsdException Locked="false" Priority="60" SemiHidden="false"\r\n   UnhideWhenUsed="false" Name="Light Shading Accent 3"/>\r\n  <w:LsdException Locked="false" Priority="61" SemiHidden="false"\r\n   UnhideWhenUsed="false" Name="Light List Accent 3"/>\r\n  <w:LsdException Locked="false" Priority="62" SemiHidden="false"\r\n   UnhideWhenUsed="false" Name="Light Grid Accent 3"/>\r\n  <w:LsdException Locked="false" Priority="63" SemiHidden="false"\r\n   UnhideWhenUsed="false" Name="Medium Shading 1 Accent 3"/>\r\n  <w:LsdException Locked="false" Priority="64" SemiHidden="false"\r\n   UnhideWhenUsed="false" Name="Medium Shading 2 Accent 3"/>\r\n  <w:LsdException Locked="false" Priority="65" SemiHidden="false"\r\n   UnhideWhenUsed="false" Name="Medium List 1 Accent 3"/>\r\n  <w:LsdException Locked="false" Priority="66" SemiHidden="false"\r\n   UnhideWhenUsed="false" Name="Medium List 2 Accent 3"/>\r\n  <w:LsdException Locked="false" Priority="67" SemiHidden="false"\r\n   UnhideWhenUsed="false" Name="Medium Grid 1 Accent 3"/>\r\n  <w:LsdException Locked="false" Priority="68" SemiHidden="false"\r\n   UnhideWhenUsed="false" Name="Medium Grid 2 Accent 3"/>\r\n  <w:LsdException Locked="false" Priority="69" SemiHidden="false"\r\n   UnhideWhenUsed="false" Name="Medium Grid 3 Accent 3"/>\r\n  <w:LsdException Locked="false" Priority="70" SemiHidden="false"\r\n   UnhideWhenUsed="false" Name="Dark List Accent 3"/>\r\n  <w:LsdException Locked="false" Priority="71" SemiHidden="false"\r\n   UnhideWhenUsed="false" Name="Colorful Shading Accent 3"/>\r\n  <w:LsdException Locked="false" Priority="72" SemiHidden="false"\r\n   UnhideWhenUsed="false" Name="Colorful List Accent 3"/>\r\n  <w:LsdException Locked="false" Priority="73" SemiHidden="false"\r\n   UnhideWhenUsed="false" Name="Colorful Grid Accent 3"/>\r\n  <w:LsdException Locked="false" Priority="60" SemiHidden="false"\r\n   UnhideWhenUsed="false" Name="Light Shading Accent 4"/>\r\n  <w:LsdException Locked="false" Priority="61" SemiHidden="false"\r\n   UnhideWhenUsed="false" Name="Light List Accent 4"/>\r\n  <w:LsdException Locked="false" Priority="62" SemiHidden="false"\r\n   UnhideWhenUsed="false" Name="Light Grid Accent 4"/>\r\n  <w:LsdException Locked="false" Priority="63" SemiHidden="false"\r\n   UnhideWhenUsed="false" Name="Medium Shading 1 Accent 4"/>\r\n  <w:LsdException Locked="false" Priority="64" SemiHidden="false"\r\n   UnhideWhenUsed="false" Name="Medium Shading 2 Accent 4"/>\r\n  <w:LsdException Locked="false" Priority="65" SemiHidden="false"\r\n   UnhideWhenUsed="false" Name="Medium List 1 Accent 4"/>\r\n  <w:LsdException Locked="false" Priority="66" SemiHidden="false"\r\n   UnhideWhenUsed="false" Name="Medium List 2 Accent 4"/>\r\n  <w:LsdException Locked="false" Priority="67" SemiHidden="false"\r\n   UnhideWhenUsed="false" Name="Medium Grid 1 Accent 4"/>\r\n  <w:LsdException Locked="false" Priority="68" SemiHidden="false"\r\n   UnhideWhenUsed="false" Name="Medium Grid 2 Accent 4"/>\r\n  <w:LsdException Locked="false" Priority="69" SemiHidden="false"\r\n   UnhideWhenUsed="false" Name="Medium Grid 3 Accent 4"/>\r\n  <w:LsdException Locked="false" Priority="70" SemiHidden="false"\r\n   UnhideWhenUsed="false" Name="Dark List Accent 4"/>\r\n  <w:LsdException Locked="false" Priority="71" SemiHidden="false"\r\n   UnhideWhenUsed="false" Name="Colorful Shading Accent 4"/>\r\n  <w:LsdException Locked="false" Priority="72" SemiHidden="false"\r\n   UnhideWhenUsed="false" Name="Colorful List Accent 4"/>\r\n  <w:LsdException Locked="false" Priority="73" SemiHidden="false"\r\n   UnhideWhenUsed="false" Name="Colorful Grid Accent 4"/>\r\n  <w:LsdException Locked="false" Priority="60" SemiHidden="false"\r\n   UnhideWhenUsed="false" Name="Light Shading Accent 5"/>\r\n  <w:LsdException Locked="false" Priority="61" SemiHidden="false"\r\n   UnhideWhenUsed="false" Name="Light List Accent 5"/>\r\n  <w:LsdException Locked="false" Priority="62" SemiHidden="false"\r\n   UnhideWhenUsed="false" Name="Light Grid Accent 5"/>\r\n  <w:LsdException Locked="false" Priority="63" SemiHidden="false"\r\n   UnhideWhenUsed="false" Name="Medium Shading 1 Accent 5"/>\r\n  <w:LsdException Locked="false" Priority="64" SemiHidden="false"\r\n   UnhideWhenUsed="false" Name="Medium Shading 2 Accent 5"/>\r\n  <w:LsdException Locked="false" Priority="65" SemiHidden="false"\r\n   UnhideWhenUsed="false" Name="Medium List 1 Accent 5"/>\r\n  <w:LsdException Locked="false" Priority="66" SemiHidden="false"\r\n   UnhideWhenUsed="false" Name="Medium List 2 Accent 5"/>\r\n  <w:LsdException Locked="false" Priority="67" SemiHidden="false"\r\n   UnhideWhenUsed="false" Name="Medium Grid 1 Accent 5"/>\r\n  <w:LsdException Locked="false" Priority="68" SemiHidden="false"\r\n   UnhideWhenUsed="false" Name="Medium Grid 2 Accent 5"/>\r\n  <w:LsdException Locked="false" Priority="69" SemiHidden="false"\r\n   UnhideWhenUsed="false" Name="Medium Grid 3 Accent 5"/>\r\n  <w:LsdException Locked="false" Priority="70" SemiHidden="false"\r\n   UnhideWhenUsed="false" Name="Dark List Accent 5"/>\r\n  <w:LsdException Locked="false" Priority="71" SemiHidden="false"\r\n   UnhideWhenUsed="false" Name="Colorful Shading Accent 5"/>\r\n  <w:LsdException Locked="false" Priority="72" SemiHidden="false"\r\n   UnhideWhenUsed="false" Name="Colorful List Accent 5"/>\r\n  <w:LsdException Locked="false" Priority="73" SemiHidden="false"\r\n   UnhideWhenUsed="false" Name="Colorful Grid Accent 5"/>\r\n  <w:LsdException Locked="false" Priority="60" SemiHidden="false"\r\n   UnhideWhenUsed="false" Name="Light Shading Accent 6"/>\r\n  <w:LsdException Locked="false" Priority="61" SemiHidden="false"\r\n   UnhideWhenUsed="false" Name="Light List Accent 6"/>\r\n  <w:LsdException Locked="false" Priority="62" SemiHidden="false"\r\n   UnhideWhenUsed="false" Name="Light Grid Accent 6"/>\r\n  <w:LsdException Locked="false" Priority="63" SemiHidden="false"\r\n   UnhideWhenUsed="false" Name="Medium Shading 1 Accent 6"/>\r\n  <w:LsdException Locked="false" Priority="64" SemiHidden="false"\r\n   UnhideWhenUsed="false" Name="Medium Shading 2 Accent 6"/>\r\n  <w:LsdException Locked="false" Priority="65" SemiHidden="false"\r\n   UnhideWhenUsed="false" Name="Medium List 1 Accent 6"/>\r\n  <w:LsdException Locked="false" Priority="66" SemiHidden="false"\r\n   UnhideWhenUsed="false" Name="Medium List 2 Accent 6"/>\r\n  <w:LsdException Locked="false" Priority="67" SemiHidden="false"\r\n   UnhideWhenUsed="false" Name="Medium Grid 1 Accent 6"/>\r\n  <w:LsdException Locked="false" Priority="68" SemiHidden="false"\r\n   UnhideWhenUsed="false" Name="Medium Grid 2 Accent 6"/>\r\n  <w:LsdException Locked="false" Priority="69" SemiHidden="false"\r\n   UnhideWhenUsed="false" Name="Medium Grid 3 Accent 6"/>\r\n  <w:LsdException Locked="false" Priority="70" SemiHidden="false"\r\n   UnhideWhenUsed="false" Name="Dark List Accent 6"/>\r\n  <w:LsdException Locked="false" Priority="71" SemiHidden="false"\r\n   UnhideWhenUsed="false" Name="Colorful Shading Accent 6"/>\r\n  <w:LsdException Locked="false" Priority="72" SemiHidden="false"\r\n   UnhideWhenUsed="false" Name="Colorful List Accent 6"/>\r\n  <w:LsdException Locked="false" Priority="73" SemiHidden="false"\r\n   UnhideWhenUsed="false" Name="Colorful Grid Accent 6"/>\r\n  <w:LsdException Locked="false" Priority="19" SemiHidden="false"\r\n   UnhideWhenUsed="false" QFormat="true" Name="Subtle Emphasis"/>\r\n  <w:LsdException Locked="false" Priority="21" SemiHidden="false"\r\n   UnhideWhenUsed="false" QFormat="true" Name="Intense Emphasis"/>\r\n  <w:LsdException Locked="false" Priority="31" SemiHidden="false"\r\n   UnhideWhenUsed="false" QFormat="true" Name="Subtle Reference"/>\r\n  <w:LsdException Locked="false" Priority="32" SemiHidden="false"\r\n   UnhideWhenUsed="false" QFormat="true" Name="Intense Reference"/>\r\n  <w:LsdException Locked="false" Priority="33" SemiHidden="false"\r\n   UnhideWhenUsed="false" QFormat="true" Name="Book Title"/>\r\n  <w:LsdException Locked="false" Priority="37" Name="Bibliography"/>\r\n  <w:LsdException Locked="false" Priority="39" QFormat="true" Name="TOC Heading"/>\r\n </w:LatentStyles>\r\n</xml><![endif]--><!--[if gte mso 10]>\r\n<style>\r\n /* Style Definitions */\r\ntable.MsoNormalTable\r\n	{mso-style-name:"Table Normal";\r\n	mso-tstyle-rowband-size:0;\r\n	mso-tstyle-colband-size:0;\r\n	mso-style-noshow:yes;\r\n	mso-style-priority:99;\r\n	mso-style-parent:"";\r\n	mso-padding-alt:0cm 5.4pt 0cm 5.4pt;\r\n	mso-para-margin:0cm;\r\n	mso-para-margin-bottom:.0001pt;\r\n	mso-pagination:widow-orphan;\r\n	font-size:10.0pt;\r\n	font-family:Calibri;}\r\n</style>\r\n<![endif]--><!--StartFragment--><!--EndFragment--></p>\r\n<p class="STUPMetro" style="margin-top:6.0pt;margin-right:0cm;margin-bottom:6.0pt;\r\nmargin-left:90.0pt;text-indent:-36.0pt;line-height:normal;mso-list:l0 level2 lfo1;\r\nmso-hyphenate:none">\r\n<!--[if !supportLists]-->	<span style="font-family:&quot;Times New Roman&quot;;\r\nmso-fareast-font-family:&quot;Times New Roman&quot;;mso-bidi-font-family:&quot;Times New Roman&quot;"><span style="mso-list:Ignore">f.<span style="font:7.0pt &quot;Times New Roman&quot;">&nbsp;&nbsp;&nbsp;&nbsp;&nbsp;&nbsp;&nbsp;&nbsp;&nbsp;&nbsp;&nbsp;&nbsp;&nbsp;&nbsp;&nbsp; </span></span></span><!--[endif]--><span style="font-family:&quot;Times New Roman&quot;;\r\nmso-bidi-font-family:&quot;Times New Roman&quot;">Bridges from Vaitarna to Utran on Western Dedicated Freight Corridor Corporation (DFCC )<o:p></o:p></span></p>\r\n', '1421906466.jpg', '1421758129.jpg', 'horizontal', 'railways', '2015-01-05 11:14:00', '2015-01-22 18:51:45', '1', '', '', '', 7),
(9, 'Offshore, Harbour and Coastal Engineering', '<p class="MsoNormal">\r\n	The company has an unparalleled relevance to Offshore, Harbour &amp; Costal Engineering in the developing countries, because of its holistic approach which combines state of the art design techniques, with construction engineering devoted to fully utilizing locally available human and material resources. This involves adapting or creating innovative new methods of construction in developing corresponding construction equipment which suits the local construction environment and includes the training of contractors and owners&rsquo; personnel to successfully use these innovative methods thus creating new and lasting construction traditions relevant to each country. One of the basic factors that contributed to the success of these projects was the deep involvement of Stup Consultants &amp; its determination to stand by them from inception to completion. This resulted in Stup Consultants handling a large range of projects.&nbsp;</p>', '1421906544.jpg', '1421758150.jpg', 'horizontal', 'offshore-harbour-and-coastal-engineering', '2015-01-05 11:14:44', '2015-01-24 09:34:08', '1', '', '', '', 10),
(10, 'Water Resources and Agricultural Development', '<p class="MsoNormal" style="text-align:justify">\r\n	The National water policy adopted in 1987 lays down the broad principles that govern the management of the nation&rsquo;s water resources. The policy recognizes that water is a scarce and precious national resource to be planned, developed and conserved and water resources available to the country should be brought within the category of utilizable resources to the maximum possible extent. Further water resources should be made available to water short areas by transfer from other areas including transfer from one river basin to another river basin. National Water Policy (2002) envisages that the water resources of the country should be developed and managed in an integrated manner.<o:p></o:p></p>\r\n<p class="MsoNormal">\r\n	<o:p>&nbsp;</o:p><span style="text-align: justify;">Water resource systems can be created in a number of ways through different combinations of system inputs, levels of output, allocation of reservoir space for different uses, operating rules etc. The optimisation of water use is achieved through maximisation of net benefits.</span></p>\r\n<p class="MsoNormal" style="text-align:justify">\r\n	<o:p></o:p></p>\r\n<p class="MsoNormal" style="text-align:justify">\r\n	<o:p>&nbsp;</o:p>The Water Resources group deals with the&nbsp; Design of storage structures (Gravity Dams and Earth fill dams) and Distribution Systems, Barrages, Water Conductor Systems, Command Area&nbsp; Developments, Lift Irrigation Schemes, Flood Mitigation Works, Hydro Power Projects and Modernisation of Canals and Distribution Systems. Water Storage and utility structures need specific studies in respect to availability of natural resources and optimum use for the betterment and survival of mankind and live stock use. This is a great contribution to the country as a whole and fulfils the objective set by the Government of India, by adopting a common National water policy.</p>\r\n<p class="MsoNormal" style="text-align:justify">\r\n	<o:p></o:p></p>\r\n', '1421906492.jpg', '1421758179.jpg', 'vertical', 'water-resources-and-agricultural-development', '2015-01-05 11:15:14', '2015-01-22 18:51:54', '1', '', '', '', 8),
(11, 'Construction Engineering, Project Management and Technology Transfer.', '<p>\r\n	Since its inception, STUP Consultants has developed expertise both in Project Management as well as Construction Technology in a wide range of projects to include:</p>\r\n<p>\r\n	&bull;<span class="Apple-tab-span" style="white-space:pre"> </span>Bridges &amp; National Highways&nbsp;</p>\r\n<p>\r\n	&bull;<span class="Apple-tab-span" style="white-space:pre"> </span>Architectural Projects such as townships, industrial structures, institutional &nbsp; &nbsp;buildings, stadiums,&nbsp;</p>\r\n<p>\r\n	&bull;<span class="Apple-tab-span" style="white-space:pre"> </span>Water resource projects such as Reservoirs, Aqueducts&nbsp;</p>\r\n<p>\r\n	&bull;<span class="Apple-tab-span" style="white-space:pre"> </span>Environmental Projects such as effluent treatment plants</p>\r\n<p>\r\n	&bull;<span class="Apple-tab-span" style="white-space:pre"> </span>Marine Projects such as Jetties &amp; Offshore Projects&nbsp;</p>\r\n<p>\r\n	&bull;<span class="Apple-tab-span" style="white-space:pre"> </span>Rehabilitation Projects</p>\r\n<p>\r\n	These unique structures were distinguished by the utilization of well-adapted new technologies paying particular attention to the use of local resources, effecting substantial savings in cost and high functional and aesthetic values. One of the basic factors that contributed towards the success of these projects was the deep involvement of STUP Consultants and its determination to stand by them from inception to completion. This resulted in STUP Consultants handling every aspect of these projects.</p>\r\n', '1421906570.jpg', '1421758287.jpg', 'horizontal', 'construction-engineering-project-management-and-technology-transfer', '2015-01-05 11:15:36', '2015-01-22 18:54:19', '1', '', '', '', 11),
(12, 'Rehabilitation of Structures and Heritage Buildings', '<p>\r\n	STUP Consultants Pvt. Ltd. has implemented repair &amp; rehabilitation projects for major structures since 1977. A number of major structures constructed in RCC and prestressed concrete in the 1960s and 1970s have been prone to distress due to the materials available at the time as well as the methods of design and construction. The approach of STUP for rehabilitation projects is to carry out a scientific programme of inspection testing and investigations. A visual inspection, reveals data about cracks, leaching &amp; staining of concrete. A dimensional survey is carried out to verify design conformity and to arrive at the self weight of the structure. A geometric survey pinpoints any unusual deflections, differential settlements etc. Detailed tests such as carbonation test, half cell potentiometer for survey, concrete resisting tests, endoscopic examination of prestressing ducts yield valuable information about the present state and potential of ongoing corrosion of reinforcing and prestressing steel. Tests such as rebound hammer test, ultrasonic pulse velocity test, crushing strength on cores establish the present strength of concrete and amenability to external prestressing. Complete chemical analysis of concrete establishes the contamination by external pollutants and the likely residual life of the structure. Based on the scientific programme of investigation, testing and inspection a rehabilitation scheme is prepared to extend the useful life of the structure within the parameters of economic viability. STUP has organised investigation and prepared rehabilitation schemes for major and minor structures belonging to all disciplines mentioned on the previous page. This includes all kinds of structures such as bridges, aqueducts,cooling towers, buildings, heritage buildings, post disaster rehabilitatoin of entire villages, etc.</p>\r\n', '1421906585.jpg', '1421758320.jpg', 'horizontal', 'rehabilitation-of-structures-and-heritage-buildings', '2015-01-05 11:15:55', '2015-01-22 18:54:44', '1', '', '', '', 12);

-- --------------------------------------------------------

--
-- Table structure for table `tbl_sector_banners`
--

DROP TABLE IF EXISTS `tbl_sector_banners`;
CREATE TABLE IF NOT EXISTS `tbl_sector_banners` (
  `sector_banner_id` int(20) NOT NULL AUTO_INCREMENT,
  `sector_id` int(20) NOT NULL,
  `sector_slug` varchar(150) DEFAULT NULL,
  `title` varchar(150) NOT NULL,
  `link` varchar(150) DEFAULT NULL,
  `slug` varchar(150) DEFAULT NULL,
  `image` varchar(150) NOT NULL,
  `created_date` datetime DEFAULT NULL,
  `updated_date` datetime DEFAULT NULL,
  `status` enum('0','1') NOT NULL DEFAULT '1',
  `url` varchar(200) DEFAULT NULL,
  `meta_description` longtext,
  `meta_keyword` varchar(200) DEFAULT NULL,
  PRIMARY KEY (`sector_banner_id`)
) ENGINE=MyISAM  DEFAULT CHARSET=latin1 AUTO_INCREMENT=13 ;

--
-- Dumping data for table `tbl_sector_banners`
--

INSERT INTO `tbl_sector_banners` (`sector_banner_id`, `sector_id`, `sector_slug`, `title`, `link`, `slug`, `image`, `created_date`, `updated_date`, `status`, `url`, `meta_description`, `meta_keyword`) VALUES
(1, 1, 'airports-and-aviations', 'airport aviation banner 1', '', 'airport-aviation-banner-1', '1421824525.jpg', '2015-01-05 11:19:04', '2015-01-21 12:45:25', '1', '', '', ''),
(2, 2, 'urban-rural-and-industrial-development-including-all-types-of-buildings', 'urban banner1', '', 'urban-banner1', '1421824570.jpg', '2015-01-05 11:23:27', '2015-01-21 12:46:10', '1', '', '', ''),
(3, 4, 'environmental-and-public-health-engineering', 'environmenral banner1', '', 'environmenral-banner1', '1421824984.jpg', '2015-01-05 11:24:11', '2015-01-21 12:53:04', '1', '', '', ''),
(4, 3, 'energy-telecommunication-and-space-infrastructure', 'energy banner1', '', 'energy-banner1', '1421824713.jpg', '2015-01-05 11:25:31', '2015-01-21 12:48:33', '1', '', '', ''),
(5, 5, 'roads-highways-expressways', 'roads banner', '', 'roads-banner', '1421825330.jpg', '2015-01-05 11:26:07', '2015-01-21 12:58:50', '1', '', '', ''),
(6, 6, 'bridges-and-flyovers', 'bridges banne1', '', 'bridges-banne1', '1421825829.jpg', '2015-01-05 11:26:30', '2015-01-21 13:07:09', '1', '', '', ''),
(7, 7, 'metros', 'metros banner1', '', 'metros-banner1', '1421826128.jpg', '2015-01-05 11:26:49', '2015-01-21 13:12:08', '1', '', '', ''),
(8, 8, 'railways', 'railways banner 1', '', 'railways-banner-1', '1421826402.jpg', '2015-01-05 11:27:20', '2015-01-21 13:16:42', '1', '', '', ''),
(9, 9, 'offshore-harbour-and-coastal-engineering', 'offshore banner1', '', 'offshore-banner1', '1421826943.jpg', '2015-01-05 11:27:39', '2015-01-21 13:25:43', '1', '', '', ''),
(10, 10, 'water-resources-and-agricultural-development', 'water banner1', '', 'water-banner1', '1421828880.jpg', '2015-01-05 11:28:10', '2015-01-21 13:58:00', '1', '', '', ''),
(11, 11, 'construction-engineering-project-management-and-technology-transfer', 'construction banner1', '', 'construction-banner1', '1421829178.jpg', '2015-01-05 11:28:30', '2015-01-21 14:02:58', '1', '', '', ''),
(12, 12, 'rehabilitation-of-structures-and-heritage-buildings', 'rehab banner1', '', 'rehab-banner1', '1421829370.jpg', '2015-01-05 11:29:04', '2015-01-21 14:06:10', '1', '', '', '');

-- --------------------------------------------------------

--
-- Table structure for table `tbl_services`
--

DROP TABLE IF EXISTS `tbl_services`;
CREATE TABLE IF NOT EXISTS `tbl_services` (
  `service_id` int(20) NOT NULL AUTO_INCREMENT,
  `sector_id` int(20) NOT NULL,
  `title` varchar(150) NOT NULL,
  `description` longtext,
  `image` varchar(150) DEFAULT NULL,
  `slug` varchar(250) DEFAULT NULL,
  `created_date` datetime DEFAULT NULL,
  `updated_date` datetime DEFAULT NULL,
  `status` enum('0','1') NOT NULL DEFAULT '1',
  `url` varchar(200) DEFAULT NULL,
  `meta_description` longtext,
  `meta_keyword` varchar(200) DEFAULT NULL,
  `service_position` int(20) NOT NULL DEFAULT '0',
  PRIMARY KEY (`service_id`)
) ENGINE=MyISAM  DEFAULT CHARSET=latin1 AUTO_INCREMENT=156 ;

--
-- Dumping data for table `tbl_services`
--

INSERT INTO `tbl_services` (`service_id`, `sector_id`, `title`, `description`, `image`, `slug`, `created_date`, `updated_date`, `status`, `url`, `meta_description`, `meta_keyword`, `service_position`) VALUES
(59, 1, 'MASTER PLANNING', '', NULL, 'master-planning-59', '2015-01-21 12:15:35', '2015-01-29 16:54:51', '1', '', '', '', 9),
(69, 2, 'MASTER PLANNING & URBAN DESIGN', '', NULL, 'master-planning-and-urban-design', '2015-01-21 12:29:06', NULL, '1', '', '', '', 0),
(68, 1, 'CENTRALISED REPAIR FACILITIES', '', NULL, 'centralised-repair-facilities', '2015-01-21 12:28:30', '2015-01-29 16:14:28', '1', '', '', '', 1),
(67, 1, 'MAINTENANCE BLOCK', '', NULL, 'maintenance-block', '2015-01-21 12:28:02', '2015-01-29 16:14:40', '1', '', '', '', 2),
(66, 1, 'HANGERS & MAINTENANCE FACTORY', '', NULL, 'hangers-and-maintenance-factory', '2015-01-21 12:27:46', '2015-01-29 16:15:24', '1', '', '', '', 3),
(63, 1, 'TERMINAL BUILDINGS', '', NULL, 'terminal-buildings', '2015-01-21 12:20:44', '2015-01-29 16:15:30', '1', '', '', '', 4),
(64, 1, 'ATC TOWER', '', NULL, 'atc-tower', '2015-01-21 12:21:13', '2015-01-29 16:15:35', '1', '', '', '', 5),
(65, 1, 'AIRCRAFT MANUFACTURING & MAINTENANCE UNIT', '', NULL, 'aircraft-manufacturing-and-maintenance-unit', '2015-01-21 12:25:39', '2015-01-29 16:15:41', '1', '', '', '', 6),
(61, 1, 'LANDSIDE INFRASTRUCTURE', '', NULL, 'landside-infrastructure-61', '2015-01-21 12:17:58', '2015-01-29 16:15:49', '1', '', '', '', 7),
(62, 1, 'RUNWAY INFRASTRUCTURE & TAXIWAY', '', NULL, 'runway-infrastructure-and-taxiway', '2015-01-21 12:20:26', '2015-01-29 16:15:55', '1', '', '', '', 8),
(87, 3, 'SPECIAL STRUCTURE LIKE TALL PYLONS FOR SUPPORTING BOILERS ETC', '', NULL, 'special-structure-like-tall-pylons-for-supporting-boilers-etc', '2015-01-21 12:47:33', NULL, '1', '', '', '', 0),
(86, 3, 'FUNCTIONAL & STRUCTURAL DESIGN OF TALL CHIMNEYS', '', NULL, 'functional-and-structural-design-of-tall-chimneys', '2015-01-21 12:43:02', NULL, '1', '', '', '', 0),
(85, 3, 'THERMAL & STRUCTURAL DESIGN OF INDUCED DRAUGHT COOLING TOWERS', '', NULL, 'thermal-and-structural-design-of-induced-draught-cooling-towers', '2015-01-21 12:41:25', NULL, '1', '', '', '', 0),
(90, 4, 'PROCESS DESIGN OF WATER TREATMENT AND DESALINISATION', '', NULL, 'process-design-of-water-treatment-and-desalinisation', '2015-01-21 12:50:19', NULL, '1', '', '', '', 0),
(89, 4, 'WATER RESOURCES STUDIES INCLUDING DESIGN OF SYSTEMS', '', NULL, 'water-resources-studies-including-design-of-systems', '2015-01-21 12:49:40', NULL, '1', '', '', '', 0),
(88, 3, 'ANY OTHER STRUCTURAL AND CIVIL ENGINEERING FOR ENERGY RELATED PROJECTS', '', NULL, 'any-other-structural-and-civil-engineering-for-energy-related-projects', '2015-01-21 12:48:08', NULL, '1', '', '', '', 0),
(84, 3, 'THERMAL & STRUCTURAL DESIGN OF NATURAL DRAUGHT COOLING TOWERS', '', NULL, 'thermal-and-structural-design-of-natural-draught-cooling-towers', '2015-01-21 12:40:55', NULL, '1', '', '', '', 0),
(83, 3, 'THERMAL & HYDRO-ELECTRIC POWER PROJECTS', '', NULL, 'thermal-and-hydro-electric-power-projects', '2015-01-21 12:40:20', NULL, '1', '', '', '', 0),
(82, 3, 'CONTAINMENT FOR NUCLEAR REACTOR BUILDINGS', '', NULL, 'containment-for-nuclear-reactor-buildings', '2015-01-21 12:39:50', NULL, '1', '', '', '', 0),
(81, 2, 'INTERIORS', '', NULL, 'interiors', '2015-01-21 12:38:53', NULL, '1', '', '', '', 0),
(80, 2, 'SIGNATURE PUBLIC BUILDINGS', '', NULL, 'signature-public-buildings', '2015-01-21 12:38:39', NULL, '1', '', '', '', 0),
(79, 2, 'ENTERTAINMENT, CONVENTION CENTERS & RETAIL', '', NULL, 'entertainment-convention-centers-and-retail', '2015-01-21 12:38:16', NULL, '1', '', '', '', 0),
(78, 2, 'LEISURE & SPORTS', '', NULL, 'leisure-and-sports', '2015-01-21 12:37:32', NULL, '1', '', '', '', 0),
(77, 2, 'SEZ & INTEGRATED TOWNSHIPS', '', NULL, 'sez-and-integrated-townships', '2015-01-21 12:37:11', NULL, '1', '', '', '', 0),
(76, 2, 'RESIDENTIAL & MIXED USE', '', NULL, 'residential-and-mixed-use', '2015-01-21 12:35:46', NULL, '1', '', '', '', 0),
(75, 2, 'INDUSTRIAL', '', NULL, 'industrial', '2015-01-21 12:35:26', NULL, '1', '', '', '', 0),
(74, 2, 'UNIVERSITIES & INSTITUTES', '', NULL, 'universities-and-institutes', '2015-01-21 12:35:06', NULL, '1', '', '', '', 0),
(73, 2, 'HOSPITALITY : HOTELS & RESORTS', '', NULL, 'hospitality-hotels-and-resorts', '2015-01-21 12:33:13', NULL, '1', '', '', '', 0),
(72, 2, 'HIGH-TECH PARKS (IT, BIO-TECH, PHARMACEUTICAL, APPARELS)', '', NULL, 'high-tech-parks-(it-bio-tech-pharmaceutical-apparels)', '2015-01-21 12:32:19', NULL, '1', '', '', '', 0),
(71, 2, 'CORPORATE HEADQUARTERS & COMMERCIAL COMPLEX', '', NULL, 'corporate-headquarters-and-commercial-complex', '2015-01-21 12:31:37', NULL, '1', '', '', '', 0),
(70, 2, 'AIRPORTS & TRANSPORTATION', '', NULL, 'airports-and-transportation', '2015-01-21 12:31:11', NULL, '1', '', '', '', 0),
(60, 1, 'AIRSIDE INFRASTRUCTURE', '', NULL, 'airside-infrastructure-60', '2015-01-21 12:15:50', '2015-01-29 16:17:08', '1', '', '', '', 0),
(91, 4, 'COLLECTION, TREATMENT AND DISPOSAL OF SEWAGE, INDUSTRIAL EFFLUENT AND SOLID WASTE', '', NULL, 'collection-treatment-and-disposal-of-sewage-industrial-effluent-and-solid-waste', '2015-01-21 12:51:00', NULL, '1', '', '', '', 0),
(92, 4, 'MAJOR/MINOR IRRIGATION PROJECTS AND STRUCTURES FOR HYDEL PROJECTS', '', NULL, 'majorminor-irrigation-projects-and-structures-for-hydel-projects', '2015-01-21 12:51:30', NULL, '1', '', '', '', 0),
(93, 4, 'SPECIALIZED TECHNIQUES FOR RESERVOIR CONSTRUCTION ', '', NULL, 'specialized-techniques-for-reservoir-construction', '2015-01-21 12:52:05', NULL, '1', '', '', '', 0),
(94, 4, 'ENVIORNMENTAL CONSULTANCY SERVICES ', '', NULL, 'enviornmental-consultancy-services', '2015-01-21 12:52:32', NULL, '1', '', '', '', 0),
(95, 5, 'SOCIO - TECHNO - ECONOMIC FEASIBILITY & TRAFFIC STUDIES', '', NULL, 'socio-techno-economic-feasibility-and-traffic-studies', '2015-01-21 12:54:14', NULL, '1', '', '', '', 0),
(96, 5, 'PRIORITATION AND MASTER PLANS', '', NULL, 'prioritation-and-master-plans', '2015-01-21 12:54:39', NULL, '1', '', '', '', 0),
(97, 5, 'ROAD STRENGTHENING, WIDENING AND EXPANSION', '', NULL, 'road-strengthening-widening-and-expansion', '2015-01-21 12:55:14', NULL, '1', '', '', '', 0),
(98, 5, 'URBAN AND RURAL ROADS', '', NULL, 'urban-and-rural-roads', '2015-01-21 12:55:36', NULL, '1', '', '', '', 0),
(99, 5, 'EXPRESSWAYS AND ELEVATED ROADS', '', NULL, 'expressways-and-elevated-roads', '2015-01-21 12:56:34', NULL, '1', '', '', '', 0),
(100, 5, 'FLYOVERS AND INTERCHANGE SYSTEMS', '', NULL, 'flyovers-and-interchange-systems', '2015-01-21 12:57:19', NULL, '1', '', '', '', 0),
(101, 5, 'ROAD BRIDGES', '', NULL, 'road-bridges', '2015-01-21 12:57:47', NULL, '1', '', '', '', 0),
(102, 5, 'ROAD MAINTENANCE AND BRIDGE REHABILITATION', '', NULL, 'road-maintenance-and-bridge-rehabilitation', '2015-01-21 12:58:15', NULL, '1', '', '', '', 0),
(103, 6, 'CABLE STAYED BRIDGES', '', NULL, 'cable-stayed-bridges', '2015-01-21 12:59:56', NULL, '1', '', '', '', 0),
(104, 6, 'EXTRA-DOSED BRIDGES', '', NULL, 'extra-dosed-bridges', '2015-01-21 13:00:26', NULL, '1', '', '', '', 0),
(105, 6, 'SEGMENTAL - PRECAST (BOX) / INSITU (BOX)', '', NULL, 'segmental-precast-(box)-insitu-(box)', '2015-01-21 13:01:01', NULL, '1', '', '', '', 0),
(106, 6, 'CENTILEVER CONSTRUCTION / BALANCED CENTILEVER', '', NULL, 'centilever-construction-balanced-centilever', '2015-01-21 13:01:35', NULL, '1', '', '', '', 0),
(107, 6, 'SUSPENSION BRIDGES', '', NULL, 'suspension-bridges', '2015-01-21 13:01:50', NULL, '1', '', '', '', 0),
(108, 6, 'STEEL BRIDGES - TUROUGH TYPE/ COMPOSITE BRIDGE UNDER SLUNG', '', NULL, 'steel-bridges-turough-type-composite-bridge-under-slung', '2015-01-21 13:03:05', NULL, '1', '', '', '', 0),
(109, 6, 'INTERCHANGES / FLYOVERS / T-BEAM - INSITU / PRECAST T-BEAM', '', NULL, 'interchanges-flyovers-t-beam-insitu-precast-t-beam', '2015-01-21 13:04:31', NULL, '1', '', '', '', 0),
(110, 6, 'RAIL CUM ROAD BRIDGES', '', NULL, 'rail-cum-road-bridges', '2015-01-21 13:05:20', NULL, '1', '', '', '', 0),
(111, 6, 'UNDER PASS-BOX PUSHING / TUNNELLING', '', NULL, 'under-pass-box-pushing-tunnelling', '2015-01-21 13:06:07', NULL, '1', '', '', '', 0),
(112, 6, 'INCREMENTAL LAUNCHING / NOSE LAUNCHING', '', NULL, 'incremental-launching-nose-launching', '2015-01-21 13:06:50', NULL, '1', '', '', '', 0),
(113, 7, 'ELEVATED VIADUCT', '', NULL, 'elevated-viaduct', '2015-01-21 13:09:52', NULL, '1', '', '', '', 0),
(114, 7, 'ELEVATED STATION', '', NULL, 'elevated-station', '2015-01-21 13:10:10', NULL, '1', '', '', '', 0),
(115, 7, 'UNDERGROUND STATION', '', NULL, 'underground-station', '2015-01-21 13:10:26', NULL, '1', '', '', '', 0),
(116, 7, 'CUT & COVER TUNNEL', '', NULL, 'cut-and-cover-tunnel', '2015-01-21 13:11:23', NULL, '1', '', '', '', 0),
(117, 7, 'UNDERGROUND CROSSOVERS', '', NULL, 'underground-crossovers', '2015-01-21 13:11:42', NULL, '1', '', '', '', 0),
(118, 8, 'TRACKWORK', '', NULL, 'trackwork', '2015-01-21 13:13:34', NULL, '1', '', '', '', 0),
(119, 8, 'UNDERPASS, RAILWAY CROSSING STRUCTURES, RAILWAY STATION BUILDING, RAILWAY PLANTS AND OTHER INFRASTRUCTURE', '', NULL, 'underpass-railway-crossing-structures-railway-station-building-railway-plants-and-other-infrastructure', '2015-01-21 13:14:18', NULL, '1', '', '', '', 0),
(120, 8, 'RAILWAY BRIDGES', '', NULL, 'railway-bridges', '2015-01-21 13:14:58', NULL, '1', '', '', '', 0),
(121, 8, 'DEDICATED FREIGHT CORRIDOR', '', NULL, 'dedicated-freight-corridor', '2015-01-21 13:15:58', NULL, '1', '', '', '', 0),
(122, 9, 'PORTS AND HARBOURS', '', NULL, 'ports-and-harbours', '2015-01-21 13:17:59', NULL, '1', '', '', '', 0),
(123, 9, 'MOORING AND BERTHING STRUCTURES', '', NULL, 'mooring-and-berthing-structures', '2015-01-21 13:18:50', NULL, '1', '', '', '', 0),
(124, 9, 'JETTIES AND BREAK WATERS', '', NULL, 'jetties-and-break-waters', '2015-01-21 13:19:09', NULL, '1', '', '', '', 0),
(125, 9, 'SHIPLIFTS, SLIPWAYS AND DRY DOCKS', '', NULL, 'shiplifts-slipways-and-dry-docks', '2015-01-21 13:19:48', NULL, '1', '', '', '', 0),
(126, 9, 'OFFSHORE YARDS', '', NULL, 'offshore-yards', '2015-01-21 13:20:17', NULL, '1', '', '', '', 0),
(127, 9, 'INTAKE AND OUTFALL STRUCTURES', '', NULL, 'intake-and-outfall-structures', '2015-01-21 13:20:52', NULL, '1', '', '', '', 0),
(128, 9, 'CARGO HANDLING', '', NULL, 'cargo-handling', '2015-01-21 13:22:34', NULL, '1', '', '', '', 0),
(129, 9, 'LPG / LNG / POL / DRY BULK / CRUDE OIL TERMINALS', '', NULL, 'lpg-lng-pol-dry-bulk-crude-oil-terminals', '2015-01-21 13:23:56', NULL, '1', '', '', '', 0),
(130, 9, 'NAVIGATION AIDS', '', NULL, 'navigation-aids', '2015-01-21 13:24:13', NULL, '1', '', '', '', 0),
(131, 9, 'REHABILITATION OF MARINE STRUCTURES', '', NULL, 'rehabilitation-of-marine-structures', '2015-01-21 13:24:46', NULL, '1', '', '', '', 0),
(132, 10, 'INTAKE STRUCTURES, TUNNELS, SURGE SHAFTS, PENSTOCKS AND POWER HOUSES', '', NULL, 'intake-structures-tunnels-surge-shafts-penstocks-and-power-houses', '2015-01-21 13:27:34', NULL, '1', '', '', '', 0),
(133, 10, 'LIFT IRRIGATION SCHEMES', '', NULL, 'lift-irrigation-schemes', '2015-01-21 13:28:36', NULL, '1', '', '', '', 0),
(134, 10, 'WATER DISTRIBUTION SYSTEMS', '', NULL, 'water-distribution-systems', '2015-01-21 13:54:10', NULL, '1', '', '', '', 0),
(135, 10, 'WATER SUPPLY MASTER PLAN', '', NULL, 'water-supply-master-plan', '2015-01-21 13:55:10', NULL, '1', '', '', '', 0),
(136, 10, 'WATER RESOURCES CONSOLIDATION', '', NULL, 'water-resources-consolidation', '2015-01-21 13:55:47', NULL, '1', '', '', '', 0),
(137, 10, 'FLOOD CONTROL', '', NULL, 'flood-control', '2015-01-21 13:56:04', NULL, '1', '', '', '', 0),
(138, 10, 'EVALUATION OF THE SAFETY OF DAMS', '', NULL, 'evaluation-of-the-safety-of-dams', '2015-01-21 13:56:39', NULL, '1', '', '', '', 0),
(139, 10, 'ENGINEERING OF BARAGGES, MAJOR DAMS AND IRRIGATION TANKS', '', NULL, 'engineering-of-baragges-major-dams-and-irrigation-tanks', '2015-01-21 13:57:08', NULL, '1', '', '', '', 0),
(140, 10, 'MODERNISATION OF CANALS', '', NULL, 'modernisation-of-canals', '2015-01-21 13:57:29', NULL, '1', '', '', '', 0),
(141, 11, 'AIRPORT PROJECTS', '', NULL, 'airport-projects', '2015-01-21 13:58:55', NULL, '1', '', '', '', 0),
(142, 11, 'BUILDING DESIGN AND INTEGRATED ENGINEERING', '', NULL, 'building-design-and-integrated-engineering', '2015-01-21 13:59:25', NULL, '1', '', '', '', 0),
(143, 11, 'ENERGY, TELECOMMUNICATION AND SPACE INFRASTRUCTURE PROJECTS', '', NULL, 'energy-telecommunication-and-space-infrastructure-projects', '2015-01-21 14:00:04', NULL, '1', '', '', '', 0),
(144, 11, 'ENVIORNMENTAL AND PUBLIC HEALTH ENGINEERING PROJECTS', '', NULL, 'enviornmental-and-public-health-engineering-projects', '2015-01-21 14:00:43', NULL, '1', '', '', '', 0),
(145, 11, 'BRIDGE AND HIGHWAY PROJECTS', '', NULL, 'bridge-and-highway-projects', '2015-01-21 14:01:31', NULL, '1', '', '', '', 0),
(146, 11, 'MARINE PROJECTS', '', NULL, 'marine-projects', '2015-01-21 14:01:52', NULL, '1', '', '', '', 0),
(147, 11, 'REHABILITATION PROJECTS', '', NULL, 'rehabilitation-projects', '2015-01-21 14:02:12', NULL, '1', '', '', '', 0),
(148, 11, 'WATER RESOURCE PROJECTS', '', NULL, 'water-resource-projects', '2015-01-21 14:02:30', NULL, '1', '', '', '', 0),
(149, 12, 'INSPECTION AND SURVEYS', '', NULL, 'inspection-and-surveys', '2015-01-21 14:03:29', NULL, '1', '', '', '', 0),
(150, 12, 'TESTS (DESTRUCTIVE AND NON DESTRUCTIVE)', '', NULL, 'tests-(destructive-and-non-destructive)', '2015-01-21 14:03:57', NULL, '1', '', '', '', 0),
(151, 12, 'REHABILITATION STUDIES', '', NULL, 'rehabilitation-studies', '2015-01-21 14:04:20', NULL, '1', '', '', '', 0),
(152, 12, 'RESTORATION STUDIES', '', NULL, 'restoration-studies', '2015-01-21 14:04:37', NULL, '1', '', '', '', 0),
(153, 12, 'REHABILITATION SCHEMES', '', NULL, 'rehabilitation-schemes', '2015-01-21 14:04:55', NULL, '1', '', '', '', 0),
(154, 12, 'RESTORATION SCHEMES', '', NULL, 'restoration-schemes', '2015-01-21 14:05:16', NULL, '1', '', '', '', 0),
(155, 12, 'RESIDUAL LIFE ESTIMATION', '', NULL, 'residual-life-estimation', '2015-01-21 14:05:37', NULL, '1', '', '', '', 0);

-- --------------------------------------------------------

--
-- Table structure for table `tbl_static_page_block`
--

DROP TABLE IF EXISTS `tbl_static_page_block`;
CREATE TABLE IF NOT EXISTS `tbl_static_page_block` (
  `static_page_id` int(20) NOT NULL AUTO_INCREMENT,
  `page_menu` varchar(100) NOT NULL,
  `title` varchar(100) NOT NULL,
  `content` longtext NOT NULL,
  `type` varchar(100) DEFAULT NULL,
  `attachment` varchar(500) DEFAULT NULL,
  `slug` varchar(100) DEFAULT NULL,
  `created_date` datetime DEFAULT NULL,
  `updated_date` datetime DEFAULT NULL,
  `meta_description` longtext,
  `meta_keyword` varchar(200) DEFAULT NULL,
  `url` varchar(200) DEFAULT NULL,
  `status` enum('0','1') NOT NULL DEFAULT '1',
  PRIMARY KEY (`static_page_id`)
) ENGINE=InnoDB  DEFAULT CHARSET=latin1 AUTO_INCREMENT=3 ;

--
-- Dumping data for table `tbl_static_page_block`
--

INSERT INTO `tbl_static_page_block` (`static_page_id`, `page_menu`, `title`, `content`, `type`, `attachment`, `slug`, `created_date`, `updated_date`, `meta_description`, `meta_keyword`, `url`, `status`) VALUES
(1, 'home', 'Overview', '<p>\r\n	STUP is a full service project delivery consultancy company offering integrated planning, architectural, engineering and project management services for transportation, marine, water, power, telecommunications, commercial, institutional, recreational and manufacturing facility infrastructure, and is an international firm with over 1400 professionals in more than 20 offices and global project locations. STUP has served over 10,000 clients in 33 countries on projects of tremendous diversity such as road master plans in Bangladesh, flyovers and bridges in Malaysia, highways in Kuwait, water supply in Laos, sports facilities in UAE, offshore facilities and hospitals in Oman, nuclear reactors, airports, and power plants in India, the presidential palace complex in Ghana, etc. STUP&rsquo;s wide range of resources and expertise offer comprehensive and single umbrella solutions (incorporating architectural, building and infrastructure engineering, mechanical, electrical and HVAC services) to technically challenging projects and services from planning to construction, for local and national governments, international financing institutions, private sector owners, contractors and public sector institutions STUP also provides optimized and innovative state of the art designs utilizing specialized expertise developed over 5 decades for the design and rehabilitation of buildings and major structures, which are locally adapted for economic constructability STUP places utmost value on its clients and offers them error free and lower cost designs with tight turnaround times by leveraging the resource base, cost structure and time zones of its Asian operations globally.</p>\r\n', NULL, NULL, 'overview', '2014-12-18 17:14:12', '2014-12-18 17:39:50', NULL, NULL, NULL, '1'),
(2, 'introduction', 'introduction', '<p>\r\n	STUP is a full service project delivery consultancy company offering integrated planning, architecture engineering and project management services for buildins, power, transportation, telecommunications, commercial, institutional, recreational and manufacturing facility infrastructure, and is an international firm with over 1200 professionals in more than 20 offices and global project locations. STUP, a French acronym for &ldquo;Societe Technique pour l&rsquo;Utilisation de la Precontrainte&rdquo; meaning &ldquo;technical corporation for the utilization of prestressed concrete&rdquo; was established in Paris in 1944 to spread the knowledge of prestressed concrete and other inventions of Mr. Eugene Freyssinet . The renknowned french engineer. STUP, France first global offices were established by Mr. Yves Guyon who gave prestressed concrete its theoretical basis and transferred technology by setting up engineering consultancy groups in the Americas, Africa, Asia and the Middle East to attract and train local professionals thereby creating centers of excellence. STUP Consultants Pvt. Ltd. (&quot;STUP&quot;) was establised in india in 1963. STUP has served over 10,000 clients in 31 countries on projects of tremendous diversity such as Road Master Plans in Bangladesh, Water Supply in Laos, Highways in Kuwait, Sports Facilities in UAE, Offshore Facilities and Hospitals in Oman, Nuclear Reactors, Rairports, and Power Plants in India, the Presidential Palace Complex in Ghana, etc. STUP&rsquo;s wide range of resources and expertise offer comprehensive and single umbrella solutions (incorporating building design, infrastructure engineering, mechanical, electrical and HVAC services) to technically challenging projects and services from planning to construction, for local and national governments, international financing institutions, private sector owners, contractors and public sector institutions. STUP has also a Strategic Business Alliance with M/s. STUP Design Forum, an Architecture Firm of repute, who are Architects, Planners and Interior Designers from 2003, aoart from having several Registered Architects under thin wings. STUP also provides optimized and innovative state of the art designs utilizing specialized expertise developed over 5 decades for the design and rehabilitation of buildings and major structures, which are locally adapted for economic constructability. STUP places utmost value on its clients and offers them error free and lower cost designs with tight turnaround times by leveraging the resource base, cost structure and time zones of its Asian operations globally. STUP Design Forum : www.stupdesignforum.net Asie Etudes Engineering Consultancy L. L. C. : www.asieetudes.com</p>\r\n', NULL, NULL, 'introduction', '2014-12-19 15:33:12', NULL, NULL, NULL, NULL, '1');

-- --------------------------------------------------------

--
-- Table structure for table `tbl_users`
--

DROP TABLE IF EXISTS `tbl_users`;
CREATE TABLE IF NOT EXISTS `tbl_users` (
  `id` int(11) NOT NULL AUTO_INCREMENT,
  `username` varchar(20) NOT NULL,
  `password` varchar(128) NOT NULL,
  `email` varchar(128) NOT NULL,
  `activkey` varchar(128) NOT NULL DEFAULT '',
  `create_at` timestamp NOT NULL DEFAULT CURRENT_TIMESTAMP,
  `lastvisit_at` timestamp NOT NULL DEFAULT '0000-00-00 00:00:00',
  `superuser` int(1) NOT NULL DEFAULT '0',
  `status` int(1) NOT NULL DEFAULT '0',
  `role` varchar(100) NOT NULL,
  PRIMARY KEY (`id`),
  UNIQUE KEY `username` (`username`),
  UNIQUE KEY `email` (`email`),
  KEY `status` (`status`),
  KEY `superuser` (`superuser`)
) ENGINE=InnoDB  DEFAULT CHARSET=utf8 AUTO_INCREMENT=8 ;

--
-- Dumping data for table `tbl_users`
--

INSERT INTO `tbl_users` (`id`, `username`, `password`, `email`, `activkey`, `create_at`, `lastvisit_at`, `superuser`, `status`, `role`) VALUES
(1, 'admin', '7488e331b8b64e5794da3fa4eb10ad5d', 'webmaster@example.com', 'a10665169cea07050a7920fd3400a29f', '2014-11-24 05:42:46', '2015-01-27 14:56:49', 1, 1, '1'),
(7, 'sysadmin', '0c075d321e8abcce50f9256cd7b4ca62', 'saket@ascratech.com', 'e6b4df848e5b5508497a8a48e4946e49', '2014-12-18 02:56:36', '2015-03-03 13:06:48', 0, 1, '15');

--
-- Constraints for dumped tables
--

--
-- Constraints for table `tbl_profiles`
--
ALTER TABLE `tbl_profiles`
  ADD CONSTRAINT `user_profile_id` FOREIGN KEY (`user_id`) REFERENCES `tbl_users` (`id`) ON DELETE CASCADE;

/*!40101 SET CHARACTER_SET_CLIENT=@OLD_CHARACTER_SET_CLIENT */;
/*!40101 SET CHARACTER_SET_RESULTS=@OLD_CHARACTER_SET_RESULTS */;
/*!40101 SET COLLATION_CONNECTION=@OLD_COLLATION_CONNECTION */;
